seq,t,ts,v
1000044426,2,2017-05-17 00:00:00.000,101.7
1000044427,2,2017-05-17 00:05:00.000,101.7
1000044428,2,2017-05-17 00:10:00.100,101.7
1000044429,2,2017-05-17 00:15:00.200,101.7
1000044430,2,2017-05-17 00:20:00.000,101.7
1000044431,2,2017-05-17 00:25:00.200,101.7
1000044432,2,2017-05-17 00:30:00.100,101.7
1000044433,2,2017-05-17 00:35:00.200,101.7
1000044434,2,2017-05-17 00:40:00.200,101.7
1000044435,2,2017-05-17 00:45:00.300,101.7
1000044436,2,2017-05-17 00:50:00.100,101.7
1000044437,2,2017-05-17 00:55:00.400,101.7
1000044438,2,2017-05-17 01:00:00.000,101.7
1000044439,2,2017-05-17 01:05:00.300,101.7
1000044440,2,2017-05-17 01:10:00.300,101.7
1000044441,2,2017-05-17 01:15:00.300,101.7
1000044442,2,2017-05-17 01:20:00.100,101.7
1000044443,2,2017-05-17 01:25:00.300,101.7
1000044444,2,2017-05-17 01:30:00.100,101.7
1000044445,2,2017-05-17 01:35:00.100,101.7
1000044446,2,2017-05-17 01:40:00.200,101.7
1000044447,2,2017-05-17 01:45:00.000,101.7
1000044448,2,2017-05-17 01:50:00.300,101.7
1000044449,2,2017-05-17 01:55:00.000,101.7
1000044450,2,2017-05-17 02:00:00.000,101.7
1000044451,2,2017-05-17 02:05:00.000,101.7
1000044452,2,2017-05-17 02:10:00.000,101.7
1000044453,2,2017-05-17 02:15:00.100,101.7
1000044454,2,2017-05-17 02:20:00.200,101.7
1000044455,2,2017-05-17 02:25:00.100,101.7
1000044456,2,2017-05-17 02:30:00.000,101.7
1000044457,2,2017-05-17 02:35:00.000,101.7
1000044458,2,2017-05-17 02:40:00.300,101.7
1000044459,2,2017-05-17 02:45:00.200,101.7
1000044460,2,2017-05-17 02:50:00.000,101.7
1000044461,2,2017-05-17 02:55:00.200,101.7
1000044462,2,2017-05-17 03:00:00.100,101.7
1000044463,2,2017-05-17 03:05:00.100,101.7
1000044464,2,2017-05-17 03:10:00.200,101.7
1000044465,2,2017-05-17 03:15:00.200,101.7
1000044466,2,2017-05-17 03:20:00.100,101.7
1000044467,2,2017-05-17 03:25:00.000,101.7
1000044468,2,2017-05-17 03:30:00.100,101.7
1000044469,2,2017-05-17 03:35:00.100,101.7
1000044470,2,2017-05-17 03:40:00.100,101.7
1000044471,2,2017-05-17 03:45:00.000,101.7
1000044472,2,2017-05-17 03:50:00.000,101.7
1000044473,2,2017-05-17 03:55:00.100,101.7
1000044474,2,2017-05-17 04:00:00.200,101.7
1000044475,2,2017-05-17 04:05:00.200,101.7
1000044476,2,2017-05-17 04:10:00.100,101.7
1000044477,2,2017-05-17 04:15:00.300,101.7
1000044478,2,2017-05-17 04:20:00.200,101.7
1000044479,2,2017-05-17 04:25:00.100,101.7
1000044480,2,2017-05-17 04:30:00.000,101.7
1000044481,2,2017-05-17 04:35:00.000,101.7
1000044482,2,2017-05-17 04:40:00.000,101.7
1000044483,2,2017-05-17 04:45:00.100,101.7
1000044484,2,2017-05-17 04:50:00.100,101.7
1000044485,2,2017-05-17 04:55:00.100,101.7
1000044486,2,2017-05-17 05:00:00.000,101.7
1000044487,2,2017-05-17 05:05:00.200,101.7
1000044488,2,2017-05-17 05:10:00.000,101.7
1000044489,2,2017-05-17 05:15:00.300,101.7
1000044490,2,2017-05-17 05:20:00.200,101.7
1000044491,2,2017-05-17 05:25:00.300,101.7
1000044492,2,2017-05-17 05:30:00.300,101.7
1000044493,2,2017-05-17 05:35:00.100,101.7
1000044494,2,2017-05-17 05:40:00.000,101.7
1000044495,2,2017-05-17 05:45:00.000,101.7
1000044496,2,2017-05-17 05:50:00.100,101.7
1000044497,2,2017-05-17 05:55:00.100,101.7
1000044498,2,2017-05-17 06:00:00.100,101.7
1000044499,2,2017-05-17 06:05:00.200,101.7
1000044500,2,2017-05-17 06:10:00.300,101.7
1000044501,2,2017-05-17 06:15:00.200,101.7
1000044502,2,2017-05-17 06:20:00.200,101.7
1000044503,2,2017-05-17 06:25:00.100,101.7
1000044504,2,2017-05-17 06:30:00.000,101.7
1000044505,2,2017-05-17 06:35:00.000,101.7
1000044506,2,2017-05-17 06:40:00.200,101.7
1000044507,2,2017-05-17 06:45:00.000,101.7
1000044508,2,2017-05-17 06:50:00.000,101.7
1000044509,2,2017-05-17 06:55:00.000,101.7
1000044510,2,2017-05-17 07:00:00.100,101.7
1000044511,2,2017-05-17 07:05:00.100,101.7
1000044512,2,2017-05-17 07:10:00.400,101.7
1000044513,2,2017-05-17 07:15:00.100,101.7
1000044514,2,2017-05-17 07:20:00.100,101.7
1000044515,2,2017-05-17 07:25:00.200,101.7
1000044516,2,2017-05-17 07:30:00.400,101.7
1000044517,2,2017-05-17 07:35:00.200,101.7
1000044518,2,2017-05-17 07:40:00.200,101.7
1000044519,2,2017-05-17 07:45:00.100,101.7
1000044520,2,2017-05-17 07:50:00.100,101.7
1000044521,2,2017-05-17 07:55:00.100,101.7
1000044522,2,2017-05-17 08:00:00.100,101.7
1000044523,2,2017-05-17 08:05:00.200,101.7
1000044524,2,2017-05-17 08:10:00.100,101.7
1000044525,2,2017-05-17 08:15:00.100,101.7
1000044526,2,2017-05-17 08:20:00.000,101.7
1000044527,2,2017-05-17 08:25:00.300,101.7
1000044528,2,2017-05-17 08:30:00.200,101.7
1000044529,2,2017-05-17 08:35:00.100,101.7
1000044530,2,2017-05-17 08:40:00.200,101.7
1000044531,2,2017-05-17 08:45:00.200,101.7
1000044532,2,2017-05-17 08:50:00.100,101.7
1000044533,2,2017-05-17 08:55:00.100,101.7
1000044534,2,2017-05-17 09:00:00.300,101.7
1000044535,2,2017-05-17 09:05:00.100,101.7
1000044536,2,2017-05-17 09:10:00.200,101.7
1000044537,2,2017-05-17 09:15:00.200,101.7
1000044538,2,2017-05-17 09:20:00.000,101.7
1000044539,2,2017-05-17 09:25:00.200,101.7
1000044540,2,2017-05-17 09:30:00.200,101.7
1000044541,2,2017-05-17 09:35:00.200,101.7
1000044542,2,2017-05-17 09:40:00.100,101.7
1000044543,2,2017-05-17 09:45:00.000,101.7
1000044544,2,2017-05-17 09:50:00.100,101.7
1000044545,2,2017-05-17 09:55:00.000,101.7
1000044546,2,2017-05-17 10:00:00.200,101.7
1000044547,2,2017-05-17 10:05:00.100,101.7
1000044548,2,2017-05-17 10:10:00.000,101.7
1000044549,2,2017-05-17 10:15:00.200,101.7
1000044550,2,2017-05-17 10:20:00.200,101.7
1000044551,2,2017-05-17 10:25:00.000,101.7
1000044552,2,2017-05-17 10:30:00.100,101.7
1000044553,2,2017-05-17 10:35:00.100,101.7
1000044554,2,2017-05-17 10:40:00.000,101.7
1000044555,2,2017-05-17 10:45:00.100,101.7
1000044556,2,2017-05-17 10:50:00.200,101.7
1000044557,2,2017-05-17 10:55:00.100,101.7
1000044558,2,2017-05-17 11:00:00.100,101.7
1000044559,2,2017-05-17 11:05:00.200,101.7
1000044560,2,2017-05-17 11:10:00.300,101.7
1000044561,2,2017-05-17 11:15:00.300,101.7
1000044562,2,2017-05-17 11:20:00.300,101.7
1000044563,2,2017-05-17 11:25:00.200,101.7
1000044564,2,2017-05-17 11:30:00.100,101.7
1000044565,2,2017-05-17 11:35:00.100,101.7
1000044566,2,2017-05-17 11:40:00.200,101.7
1000044567,2,2017-05-17 11:45:00.200,101.7
1000044568,2,2017-05-17 11:50:00.300,101.7
1000044569,2,2017-05-17 11:55:00.100,101.7
1000044570,2,2017-05-17 12:00:00.100,101.7
1000044571,2,2017-05-17 12:05:00.200,101.7
1000044572,2,2017-05-17 12:10:00.100,101.7
1000044573,2,2017-05-17 12:15:00.100,101.7
1000044574,2,2017-05-17 12:20:00.200,101.7
1000044575,2,2017-05-17 12:25:00.000,101.7
1000044576,2,2017-05-17 12:30:00.200,101.7
1000044577,2,2017-05-17 12:35:00.000,101.7
1000044578,2,2017-05-17 12:40:00.000,101.7
1000044579,2,2017-05-17 12:45:00.100,101.7
1000044580,2,2017-05-17 12:50:00.200,101.7
1000044581,2,2017-05-17 12:55:00.000,101.7
1000044582,2,2017-05-17 13:00:00.200,101.7
1000044583,2,2017-05-17 13:05:00.200,101.7
1000044584,2,2017-05-17 13:10:00.200,101.7
1000044585,2,2017-05-17 13:15:00.200,101.7
1000044586,2,2017-05-17 13:20:00.200,101.7
1000044587,2,2017-05-17 13:25:00.200,101.7
1000044588,2,2017-05-17 13:30:00.200,101.7
1000044589,2,2017-05-17 13:35:00.300,101.7
1000044590,2,2017-05-17 13:40:00.000,101.7
1000044591,2,2017-05-17 13:45:00.000,101.7
1000044592,2,2017-05-17 13:50:00.200,101.7
1000044593,2,2017-05-17 13:55:00.000,101.7
1000044594,2,2017-05-17 14:00:00.100,101.7
1000044595,2,2017-05-17 14:05:00.100,101.7
1000044596,2,2017-05-17 14:10:00.300,101.7
1000044597,2,2017-05-17 14:15:00.100,101.7
1000044598,2,2017-05-17 14:20:00.200,101.7
1000044599,2,2017-05-17 14:25:00.200,101.7
1000044600,2,2017-05-17 14:30:00.100,101.7
1000044601,2,2017-05-17 14:35:00.100,101.7
1000044602,2,2017-05-17 14:40:00.200,101.7
1000044603,2,2017-05-17 14:45:00.200,101.7
1000044604,2,2017-05-17 14:50:00.200,101.7
1000044605,2,2017-05-17 14:55:00.100,101.7
1000044606,2,2017-05-17 15:00:00.300,101.7
1000044607,2,2017-05-17 15:05:00.200,101.7
1000044608,2,2017-05-17 15:10:00.100,101.7
1000044609,2,2017-05-17 15:15:00.200,101.7
1000044610,2,2017-05-17 15:20:00.200,101.7
1000044611,2,2017-05-17 15:25:00.100,101.7
1000044612,2,2017-05-17 15:30:00.200,101.7
1000044613,2,2017-05-17 15:35:00.200,101.7
1000044614,2,2017-05-17 15:40:00.200,101.7
1000044615,2,2017-05-17 15:45:00.100,101.7
1000044616,2,2017-05-17 15:50:00.100,101.7
1000044617,2,2017-05-17 15:55:00.200,101.7
1000044618,2,2017-05-17 16:00:00.100,101.7
1000044619,2,2017-05-17 16:05:00.100,101.7
1000044620,2,2017-05-17 16:10:00.000,101.7
1000044621,2,2017-05-17 16:15:00.000,101.7
1000044622,2,2017-05-17 16:20:00.200,101.7
1000044623,2,2017-05-17 16:25:00.100,101.7
1000044624,2,2017-05-17 16:30:00.000,101.7
1000044625,2,2017-05-17 16:35:00.100,101.7
1000044626,2,2017-05-17 16:40:00.100,101.7
1000044627,2,2017-05-17 16:45:00.100,101.7
1000044628,2,2017-05-17 16:50:00.100,101.7
1000044629,2,2017-05-17 16:55:00.100,101.7
1000044630,2,2017-05-17 17:00:00.300,101.7
1000044631,2,2017-05-17 17:05:00.200,101.7
1000044632,2,2017-05-17 17:10:00.300,101.7
1000044633,2,2017-05-17 17:15:00.200,101.7
1000044634,2,2017-05-17 17:20:00.200,101.7
1000044635,2,2017-05-17 17:25:00.100,101.7
1000044636,2,2017-05-17 17:30:00.200,101.7
1000044637,2,2017-05-17 17:35:00.200,101.7
1000044638,2,2017-05-17 17:40:00.300,101.7
1000044639,2,2017-05-17 17:45:00.000,101.7
1000044640,2,2017-05-17 17:50:00.100,101.7
1000044641,2,2017-05-17 17:55:00.100,101.7
1000044642,2,2017-05-17 18:00:00.100,101.7
1000044643,2,2017-05-17 18:05:00.000,101.7
1000044644,2,2017-05-17 18:10:00.200,101.7
1000044645,2,2017-05-17 18:15:00.300,101.7
1000044646,2,2017-05-17 18:20:00.200,101.7
1000044647,2,2017-05-17 18:25:00.100,101.7
1000044648,2,2017-05-17 18:30:00.200,101.7
1000044649,2,2017-05-17 18:35:00.100,101.7
1000044650,2,2017-05-17 18:40:00.300,101.7
1000044651,2,2017-05-17 18:45:00.100,101.7
1000044652,2,2017-05-17 18:50:00.300,101.7
1000044653,2,2017-05-17 18:55:00.300,101.7
1000044654,2,2017-05-17 19:00:00.000,101.7
1000044655,2,2017-05-17 19:05:00.200,101.7
1000044656,2,2017-05-17 19:10:00.100,101.7
1000044657,2,2017-05-17 19:15:00.100,101.7
1000044658,2,2017-05-17 19:20:00.300,101.7
1000044659,2,2017-05-17 19:25:00.000,101.7
1000044660,2,2017-05-17 19:30:00.200,101.7
1000044661,2,2017-05-17 19:35:00.000,101.7
1000044662,2,2017-05-17 19:40:00.100,101.7
1000044663,2,2017-05-17 19:45:00.200,101.7
1000044664,2,2017-05-17 19:50:00.200,101.7
1000044665,2,2017-05-17 19:55:00.200,101.7
1000044666,2,2017-05-17 20:00:00.200,101.7
1000044667,2,2017-05-17 20:05:00.100,101.7
1000044668,2,2017-05-17 20:10:00.300,101.7
1000044669,2,2017-05-17 20:15:00.300,101.7
1000044670,2,2017-05-17 20:20:00.200,101.7
1000044671,2,2017-05-17 20:25:00.300,101.7
1000044672,2,2017-05-17 20:30:00.100,101.7
1000044673,2,2017-05-17 20:35:00.200,101.7
1000044674,2,2017-05-17 20:40:00.200,101.7
1000044675,2,2017-05-17 20:45:00.100,101.7
1000044676,2,2017-05-17 20:50:00.200,101.7
1000044677,2,2017-05-17 20:55:00.000,101.7
1000044678,2,2017-05-17 21:00:00.200,101.7
1000044679,2,2017-05-17 21:05:00.200,101.7
1000044680,2,2017-05-17 21:10:00.300,101.7
1000044681,2,2017-05-17 21:15:00.300,101.7
1000044682,2,2017-05-17 21:20:00.300,101.7
1000044683,2,2017-05-17 21:25:00.100,101.7
1000044684,2,2017-05-17 21:30:00.100,101.7
1000044685,2,2017-05-17 21:35:00.100,101.7
1000044686,2,2017-05-17 21:40:00.300,101.7
1000044687,2,2017-05-17 21:45:00.200,101.7
1000044688,2,2017-05-17 21:50:00.100,101.7
1000044689,2,2017-05-17 21:55:00.300,101.7
1000044690,2,2017-05-17 22:00:00.200,101.7
1000044691,2,2017-05-17 22:05:00.100,101.7
1000044692,2,2017-05-17 22:10:00.200,101.7
1000044693,2,2017-05-17 22:15:00.100,101.7
1000044694,2,2017-05-17 22:20:00.200,101.7
1000044695,2,2017-05-17 22:25:00.300,101.7
1000044696,2,2017-05-17 22:30:00.000,101.7
1000044697,2,2017-05-17 22:35:00.300,101.7
1000044698,2,2017-05-17 22:40:00.000,101.7
1000044699,2,2017-05-17 22:45:00.100,101.7
1000044700,2,2017-05-17 22:50:00.100,101.7
1000044701,2,2017-05-17 22:55:00.200,101.7
1000044702,2,2017-05-17 23:00:00.000,101.7
1000044703,2,2017-05-17 23:05:00.100,101.7
1000044704,2,2017-05-17 23:10:00.100,101.7
1000044705,2,2017-05-17 23:15:00.100,101.7
1000044706,2,2017-05-17 23:20:00.200,101.7
1000044707,2,2017-05-17 23:25:00.300,101.7
1000044708,2,2017-05-17 23:30:00.200,101.7
1000044709,2,2017-05-17 23:35:00.100,101.7
1000044710,2,2017-05-17 23:40:00.200,101.7
1000044711,2,2017-05-17 23:45:00.000,101.7
1000044712,2,2017-05-17 23:50:00.300,101.7
1000044713,2,2017-05-17 23:55:00.300,101.7
1000044714,2,2017-05-18 00:00:00.000,101.7
1000044715,2,2017-05-18 00:05:00.200,101.7
1000044716,2,2017-05-18 00:10:00.100,101.7
1000044717,2,2017-05-18 00:15:00.300,101.7
1000044718,2,2017-05-18 00:20:00.100,101.7
1000044719,2,2017-05-18 00:25:00.200,101.7
1000044720,2,2017-05-18 00:30:00.100,101.7
1000044721,2,2017-05-18 00:35:00.100,101.7
1000044722,2,2017-05-18 00:40:00.100,101.7
1000044723,2,2017-05-18 00:45:00.100,101.7
1000044724,2,2017-05-18 00:50:00.000,101.7
1000044725,2,2017-05-18 00:55:00.100,101.7
1000044726,2,2017-05-18 01:00:00.300,101.7
1000044727,2,2017-05-18 01:05:00.300,101.7
1000044728,2,2017-05-18 01:10:00.200,101.7
1000044729,2,2017-05-18 01:15:00.300,101.7
1000044730,2,2017-05-18 01:20:00.200,101.7
1000044731,2,2017-05-18 01:25:00.200,101.7
1000044732,2,2017-05-18 01:30:00.200,101.7
1000044733,2,2017-05-18 01:35:00.300,101.7
1000044734,2,2017-05-18 01:40:00.200,101.7
1000044735,2,2017-05-18 01:45:00.300,101.7
1000044736,2,2017-05-18 01:50:00.100,101.7
1000044737,2,2017-05-18 01:55:00.000,101.7
1000044738,2,2017-05-18 02:00:00.200,101.7
1000044739,2,2017-05-18 02:05:00.300,101.7
1000044740,2,2017-05-18 02:10:00.300,101.7
1000044741,2,2017-05-18 02:15:00.200,101.7
1000044742,2,2017-05-18 02:20:00.300,101.7
1000044743,2,2017-05-18 02:25:00.200,101.7
1000044744,2,2017-05-18 02:30:00.200,101.7
1000044745,2,2017-05-18 02:35:00.200,101.7
1000044746,2,2017-05-18 02:40:00.200,101.7
1000044747,2,2017-05-18 02:45:00.200,101.7
1000044748,2,2017-05-18 02:50:00.200,101.7
1000044749,2,2017-05-18 02:55:00.100,101.7
1000044750,2,2017-05-18 03:00:00.100,101.7
1000044751,2,2017-05-18 03:05:00.100,101.7
1000044752,2,2017-05-18 03:10:00.100,101.7
1000044753,2,2017-05-18 03:15:00.000,101.7
1000044754,2,2017-05-18 03:20:00.300,101.7
1000044755,2,2017-05-18 03:25:00.000,101.7
1000044756,2,2017-05-18 03:30:00.100,101.7
1000044757,2,2017-05-18 03:35:00.200,101.7
1000044758,2,2017-05-18 03:40:00.100,101.7
1000044759,2,2017-05-18 03:45:00.000,101.7
1000044760,2,2017-05-18 03:50:00.100,101.7
1000044761,2,2017-05-18 03:55:00.300,101.7
1000044762,2,2017-05-18 04:00:00.200,101.7
1000044763,2,2017-05-18 04:05:00.300,101.7
1000044764,2,2017-05-18 04:10:00.200,101.7
1000044765,2,2017-05-18 04:15:00.200,101.7
1000044766,2,2017-05-18 04:20:00.000,101.7
1000044767,2,2017-05-18 04:25:00.000,101.7
1000044768,2,2017-05-18 04:30:00.100,101.7
1000044769,2,2017-05-18 04:35:00.100,101.7
1000044770,2,2017-05-18 04:40:00.200,101.7
1000044771,2,2017-05-18 04:45:00.200,101.7
1000044772,2,2017-05-18 04:50:00.100,101.7
1000044773,2,2017-05-18 04:55:00.100,101.7
1000044774,2,2017-05-18 05:00:00.200,101.7
1000044775,2,2017-05-18 05:05:00.200,101.7
1000044776,2,2017-05-18 05:10:00.100,101.7
1000044777,2,2017-05-18 05:15:00.200,101.7
1000044778,2,2017-05-18 05:20:00.100,101.7
1000044779,2,2017-05-18 05:25:00.200,101.7
1000044780,2,2017-05-18 05:30:00.000,101.7
1000044781,2,2017-05-18 05:35:00.100,101.7
1000044782,2,2017-05-18 05:40:00.300,101.7
1000044783,2,2017-05-18 05:45:00.200,101.7
1000044784,2,2017-05-18 05:50:00.100,101.7
1000044785,2,2017-05-18 05:55:00.000,101.7
1000044786,2,2017-05-18 06:00:00.200,101.7
1000044787,2,2017-05-18 06:05:00.000,101.7
1000044788,2,2017-05-18 06:10:00.300,101.7
1000044789,2,2017-05-18 06:15:00.000,101.7
1000044790,2,2017-05-18 06:20:00.100,101.7
1000044791,2,2017-05-18 06:25:00.200,101.7
1000044792,2,2017-05-18 06:30:00.300,101.7
1000044793,2,2017-05-18 06:35:00.100,101.7
1000044794,2,2017-05-18 06:40:00.300,101.7
1000044795,2,2017-05-18 06:45:00.100,101.7
1000044796,2,2017-05-18 06:50:00.100,101.7
1000044797,2,2017-05-18 06:55:00.100,101.7
1000044798,2,2017-05-18 07:00:00.300,101.7
1000044799,2,2017-05-18 07:05:00.100,101.7
1000044800,2,2017-05-18 07:10:00.300,101.7
1000044801,2,2017-05-18 07:15:00.200,101.7
1000044802,2,2017-05-18 07:20:00.200,101.7
1000044803,2,2017-05-18 07:25:00.200,101.7
1000044804,2,2017-05-18 07:30:00.300,101.7
1000044805,2,2017-05-18 07:35:00.200,101.7
1000044806,2,2017-05-18 07:40:00.200,101.7
1000044807,2,2017-05-18 07:45:00.100,101.7
1000044808,2,2017-05-18 07:50:00.200,101.7
1000044809,2,2017-05-18 07:55:00.100,101.7
1000044810,2,2017-05-18 08:00:00.100,101.7
1000044811,2,2017-05-18 08:05:00.200,101.7
1000044812,2,2017-05-18 08:10:00.100,101.7
1000044813,2,2017-05-18 08:15:00.100,101.7
1000044814,2,2017-05-18 08:20:00.000,101.7
1000044815,2,2017-05-18 08:25:00.300,101.7
1000044816,2,2017-05-18 08:30:00.000,101.7
1000044817,2,2017-05-18 08:35:00.300,101.7
1000044818,2,2017-05-18 08:40:00.300,101.7
1000044819,2,2017-05-18 08:45:00.000,101.7
1000044820,2,2017-05-18 08:50:00.200,101.7
1000044821,2,2017-05-18 08:55:00.100,101.7
1000044822,2,2017-05-18 09:00:00.200,101.7
1000044823,2,2017-05-18 09:05:00.200,101.7
1000044824,2,2017-05-18 09:10:00.200,101.7
1000044825,2,2017-05-18 09:15:00.100,101.7
1000044826,2,2017-05-18 09:20:00.200,101.7
1000044827,2,2017-05-18 09:25:00.300,101.7
1000044828,2,2017-05-18 09:30:00.000,101.7
1000044829,2,2017-05-18 09:35:00.200,101.7
1000044830,2,2017-05-18 09:40:00.100,101.7
1000044831,2,2017-05-18 09:45:00.300,101.7
1000044832,2,2017-05-18 09:50:00.000,101.7
1000044833,2,2017-05-18 09:55:00.300,101.7
1000044834,2,2017-05-18 10:00:00.200,101.7
1000044835,2,2017-05-18 10:05:00.200,101.7
1000044836,2,2017-05-18 10:10:00.200,101.7
1000044837,2,2017-05-18 10:15:00.100,101.7
1000044838,2,2017-05-18 10:20:00.300,101.7
1000044839,2,2017-05-18 10:25:00.100,101.7
1000044840,2,2017-05-18 10:30:00.300,101.7
1000044841,2,2017-05-18 10:35:00.100,101.7
1000044842,2,2017-05-18 10:40:00.100,101.7
1000044843,2,2017-05-18 10:45:00.100,101.7
1000044844,2,2017-05-18 10:50:00.300,101.7
1000044845,2,2017-05-18 10:55:00.300,101.7
1000044846,2,2017-05-18 11:00:00.200,101.7
1000044847,2,2017-05-18 11:05:00.200,101.7
1000044848,2,2017-05-18 11:10:00.100,101.7
1000044849,2,2017-05-18 11:15:00.200,101.7
1000044850,2,2017-05-18 11:20:00.000,101.7
1000044851,2,2017-05-18 11:25:00.100,101.7
1000044852,2,2017-05-18 11:30:00.200,101.7
1000044853,2,2017-05-18 11:35:00.100,101.7
1000044854,2,2017-05-18 11:40:00.200,101.7
1000044855,2,2017-05-18 11:45:00.300,101.7
1000044856,2,2017-05-18 11:50:00.300,101.7
1000044857,2,2017-05-18 11:55:00.100,101.7
1000044858,2,2017-05-18 12:00:00.300,101.7
1000044859,2,2017-05-18 12:05:00.300,101.7
1000044860,2,2017-05-18 12:10:00.300,101.7
1000044861,2,2017-05-18 12:15:00.200,101.7
1000044862,2,2017-05-18 12:20:00.100,101.7
1000044863,2,2017-05-18 12:25:00.000,101.7
1000044864,2,2017-05-18 12:30:00.200,101.7
1000044865,2,2017-05-18 12:35:00.200,101.7
1000044866,2,2017-05-18 12:40:00.100,101.7
1000044867,2,2017-05-18 12:45:00.000,101.7
1000044868,2,2017-05-18 12:50:00.100,101.7
1000044869,2,2017-05-18 12:55:00.200,101.7
1000044870,2,2017-05-18 13:00:00.100,101.7
1000044871,2,2017-05-18 13:05:00.000,101.7
1000044872,2,2017-05-18 13:10:00.200,101.7
1000044873,2,2017-05-18 13:15:00.000,101.7
1000044874,2,2017-05-18 13:20:00.200,101.7
1000044875,2,2017-05-18 13:25:00.000,101.7
1000044876,2,2017-05-18 13:30:00.200,101.7
1000044877,2,2017-05-18 13:35:00.000,101.7
1000044878,2,2017-05-18 13:40:00.100,101.7
1000044879,2,2017-05-18 13:45:00.100,101.7
1000044880,2,2017-05-18 13:50:00.200,101.7
1000044881,2,2017-05-18 13:55:00.200,101.7
1000044882,2,2017-05-18 14:00:00.200,101.7
1000044883,2,2017-05-18 14:05:00.100,101.7
1000044884,2,2017-05-18 14:10:00.200,101.7
1000044885,2,2017-05-18 14:15:00.100,101.7
1000044886,2,2017-05-18 14:20:00.200,101.7
1000044887,2,2017-05-18 14:25:00.300,101.7
1000044888,2,2017-05-18 14:30:00.000,101.7
1000044889,2,2017-05-18 14:35:00.000,101.7
1000044890,2,2017-05-18 14:40:00.200,101.7
1000044891,2,2017-05-18 14:45:00.000,101.7
1000044892,2,2017-05-18 14:50:00.300,101.7
1000044893,2,2017-05-18 14:55:00.200,101.7
1000044894,2,2017-05-18 15:00:00.100,101.7
1000044895,2,2017-05-18 15:05:00.000,101.7
1000044896,2,2017-05-18 15:10:00.100,101.7
1000044897,2,2017-05-18 15:15:00.000,101.7
1000044898,2,2017-05-18 15:20:00.200,101.7
1000044899,2,2017-05-18 15:25:00.100,101.7
1000044900,2,2017-05-18 15:30:00.100,101.7
1000044901,2,2017-05-18 15:35:00.000,101.7
1000044902,2,2017-05-18 15:40:00.000,101.7
1000044903,2,2017-05-18 15:45:00.100,101.7
1000044904,2,2017-05-18 15:50:00.100,101.7
1000044905,2,2017-05-18 15:55:00.200,101.7
1000044906,2,2017-05-18 16:00:00.100,101.7
1000044907,2,2017-05-18 16:05:00.200,101.7
1000044908,2,2017-05-18 16:10:00.100,101.7
1000044909,2,2017-05-18 16:15:00.100,101.7
1000044910,2,2017-05-18 16:20:00.100,101.7
1000044911,2,2017-05-18 16:25:00.000,101.7
1000044912,2,2017-05-18 16:30:00.000,101.7
1000044913,2,2017-05-18 16:35:00.000,101.7
1000044914,2,2017-05-18 16:40:00.200,101.7
1000044915,2,2017-05-18 16:45:00.300,101.7
1000044916,2,2017-05-18 16:50:00.300,101.7
1000044917,2,2017-05-18 16:55:00.400,101.7
1000044918,2,2017-05-18 17:00:00.100,101.7
1000044919,2,2017-05-18 17:05:00.100,101.7
1000044920,2,2017-05-18 17:10:00.100,101.7
1000044921,2,2017-05-18 17:15:00.300,101.7
1000044922,2,2017-05-18 17:20:00.200,101.7
1000044923,2,2017-05-18 17:25:00.200,101.7
1000044924,2,2017-05-18 17:30:00.100,101.7
1000044925,2,2017-05-18 17:35:00.300,101.7
1000044926,2,2017-05-18 17:40:00.200,101.7
1000044927,2,2017-05-18 17:45:00.200,101.7
1000044928,2,2017-05-18 17:50:00.000,101.7
1000044929,2,2017-05-18 17:55:00.000,101.7
1000044930,2,2017-05-18 18:00:00.100,101.7
1000044931,2,2017-05-18 18:05:00.200,101.7
1000044932,2,2017-05-18 18:10:00.100,101.7
1000044933,2,2017-05-18 18:15:00.100,101.7
1000044934,2,2017-05-18 18:20:00.100,101.7
1000044935,2,2017-05-18 18:25:00.300,101.7
1000044936,2,2017-05-18 18:30:00.200,101.7
1000044937,2,2017-05-18 18:35:00.100,101.7
1000044938,2,2017-05-18 18:40:00.100,101.7
1000044939,2,2017-05-18 18:45:00.100,101.7
1000044940,2,2017-05-18 18:50:00.200,101.7
1000044941,2,2017-05-18 18:55:00.200,101.7
1000044942,2,2017-05-18 19:00:00.200,101.7
1000044943,2,2017-05-18 19:05:00.100,101.7
1000044944,2,2017-05-18 19:10:00.300,101.7
1000044945,2,2017-05-18 19:15:00.100,101.7
1000044946,2,2017-05-18 19:20:00.300,101.7
1000044947,2,2017-05-18 19:25:00.200,101.7
1000044948,2,2017-05-18 19:30:00.300,101.7
1000044949,2,2017-05-18 19:35:00.200,101.7
1000044950,2,2017-05-18 19:40:00.400,101.7
1000044951,2,2017-05-18 19:45:00.300,101.7
1000044952,2,2017-05-18 19:50:00.100,101.7
1000044953,2,2017-05-18 19:55:00.200,101.7
1000044954,2,2017-05-18 20:00:00.300,101.7
1000044955,2,2017-05-18 20:05:00.200,101.7
1000044956,2,2017-05-18 20:10:00.100,101.7
1000044957,2,2017-05-18 20:15:00.200,101.7
1000044958,2,2017-05-18 20:20:00.300,101.7
1000044959,2,2017-05-18 20:25:00.200,101.7
1000044960,2,2017-05-18 20:30:00.100,101.7
1000044961,2,2017-05-18 20:35:00.100,101.7
1000044962,2,2017-05-18 20:40:00.300,101.7
1000044963,2,2017-05-18 20:45:00.000,101.7
1000044964,2,2017-05-18 20:50:00.100,101.7
1000044965,2,2017-05-18 20:55:00.100,101.7
1000044966,2,2017-05-18 21:00:00.200,101.7
1000044967,2,2017-05-18 21:05:00.200,101.7
1000044968,2,2017-05-18 21:10:00.000,101.7
1000044969,2,2017-05-18 21:15:00.200,101.7
1000044970,2,2017-05-18 21:20:00.100,101.7
1000044971,2,2017-05-18 21:25:00.000,101.7
1000044972,2,2017-05-18 21:30:00.100,101.7
1000044973,2,2017-05-18 21:35:00.200,101.7
1000044974,2,2017-05-18 21:40:00.200,101.7
1000044975,2,2017-05-18 21:45:00.100,101.7
1000044976,2,2017-05-18 21:50:00.200,101.7
1000044977,2,2017-05-18 21:55:00.300,101.7
1000044978,2,2017-05-18 22:00:00.200,101.7
1000044979,2,2017-05-18 22:05:00.200,101.7
1000044980,2,2017-05-18 22:10:00.300,101.7
1000044981,2,2017-05-18 22:15:00.300,101.7
1000044982,2,2017-05-18 22:20:00.000,101.7
1000044983,2,2017-05-18 22:25:00.000,101.7
1000044984,2,2017-05-18 22:30:00.200,101.7
1000044985,2,2017-05-18 22:35:00.300,101.7
1000044986,2,2017-05-18 22:40:00.100,101.7
1000044987,2,2017-05-18 22:45:00.100,101.7
1000044988,2,2017-05-18 22:50:00.100,101.7
1000044989,2,2017-05-18 22:55:00.200,101.7
1000044990,2,2017-05-18 23:00:00.000,101.7
1000044991,2,2017-05-18 23:05:00.200,101.7
1000044992,2,2017-05-18 23:10:00.200,101.7
1000044993,2,2017-05-18 23:15:00.300,101.7
1000044994,2,2017-05-18 23:20:00.000,101.7
1000044995,2,2017-05-18 23:25:00.200,101.7
1000044996,2,2017-05-18 23:30:00.200,101.7
1000044997,2,2017-05-18 23:35:00.300,101.7
1000044998,2,2017-05-18 23:40:00.200,101.7
1000044999,2,2017-05-18 23:45:00.200,101.7
1000045000,2,2017-05-18 23:50:00.300,101.7
1000045001,2,2017-05-18 23:55:00.200,101.7
1000045002,2,2017-05-19 00:00:00.000,101.7
1000045003,2,2017-05-19 00:05:00.400,101.7
1000045004,2,2017-05-19 00:10:00.200,101.7
1000045005,2,2017-05-19 00:15:00.100,101.7
1000045006,2,2017-05-19 00:20:00.000,101.7
1000045007,2,2017-05-19 00:25:00.100,101.7
1000045008,2,2017-05-19 00:30:00.200,101.7
1000045009,2,2017-05-19 00:35:00.300,101.7
1000045010,2,2017-05-19 00:40:00.200,101.7
1000045011,2,2017-05-19 00:45:00.200,101.7
1000045012,2,2017-05-19 00:50:00.000,101.7
1000045013,2,2017-05-19 00:55:00.100,101.7
1000045014,2,2017-05-19 01:00:00.300,101.7
1000045015,2,2017-05-19 01:05:00.100,101.7
1000045016,2,2017-05-19 01:10:00.300,101.7
1000045017,2,2017-05-19 01:15:00.100,101.7
1000045018,2,2017-05-19 01:20:00.200,101.7
1000045019,2,2017-05-19 01:25:00.200,101.7
1000045020,2,2017-05-19 01:30:00.200,101.7
1000045021,2,2017-05-19 01:35:00.000,101.7
1000045022,2,2017-05-19 01:40:00.300,101.7
1000045023,2,2017-05-19 01:45:00.000,101.7
1000045024,2,2017-05-19 01:50:00.300,101.7
1000045025,2,2017-05-19 01:55:00.300,101.7
1000045026,2,2017-05-19 02:00:00.200,101.7
1000045027,2,2017-05-19 02:05:00.000,101.7
1000045028,2,2017-05-19 02:10:00.100,101.7
1000045029,2,2017-05-19 02:15:00.100,101.7
1000045030,2,2017-05-19 02:20:00.200,101.7
1000045031,2,2017-05-19 02:25:00.000,101.7
1000045032,2,2017-05-19 02:30:00.000,101.7
1000045033,2,2017-05-19 02:35:00.100,101.7
1000045034,2,2017-05-19 02:40:00.100,101.7
1000045035,2,2017-05-19 02:45:00.000,101.7
1000045036,2,2017-05-19 02:50:00.000,101.7
1000045037,2,2017-05-19 02:55:00.300,101.7
1000045038,2,2017-05-19 03:00:00.200,101.7
1000045039,2,2017-05-19 03:05:00.300,101.7
1000045040,2,2017-05-19 03:10:00.100,101.7
1000045041,2,2017-05-19 03:15:00.200,101.7
1000045042,2,2017-05-19 03:20:00.100,101.7
1000045043,2,2017-05-19 03:25:00.300,101.7
1000045044,2,2017-05-19 03:30:00.200,101.7
1000045045,2,2017-05-19 03:35:00.300,101.7
1000045046,2,2017-05-19 03:40:00.200,101.7
1000045047,2,2017-05-19 03:45:00.400,101.7
1000045048,2,2017-05-19 03:50:00.100,101.7
1000045049,2,2017-05-19 03:55:00.100,101.7
1000045050,2,2017-05-19 04:00:00.200,101.7
1000045051,2,2017-05-19 04:05:00.200,101.7
1000045052,2,2017-05-19 04:10:00.200,101.7
1000045053,2,2017-05-19 04:15:00.200,101.7
1000045054,2,2017-05-19 04:20:00.100,101.7
1000045055,2,2017-05-19 04:25:00.200,101.7
1000045056,2,2017-05-19 04:30:00.100,101.7
1000045057,2,2017-05-19 04:35:00.100,101.7
1000045058,2,2017-05-19 04:40:00.200,101.7
1000045059,2,2017-05-19 04:45:00.000,101.7
1000045060,2,2017-05-19 04:50:00.000,101.7
1000045061,2,2017-05-19 04:55:00.200,101.7
1000045062,2,2017-05-19 05:00:00.200,101.7
1000045063,2,2017-05-19 05:05:00.300,101.7
1000045064,2,2017-05-19 05:10:00.000,101.7
1000045065,2,2017-05-19 05:15:00.100,101.7
1000045066,2,2017-05-19 05:20:00.200,101.7
1000045067,2,2017-05-19 05:25:00.100,101.7
1000045068,2,2017-05-19 05:30:00.000,101.7
1000045069,2,2017-05-19 05:35:00.000,101.7
1000045070,2,2017-05-19 05:40:00.200,101.7
1000045071,2,2017-05-19 05:45:00.100,101.7
1000045072,2,2017-05-19 05:50:00.100,101.7
1000045073,2,2017-05-19 05:55:00.100,101.7
1000045074,2,2017-05-19 06:00:00.300,101.7
1000045075,2,2017-05-19 06:05:00.300,101.7
1000045076,2,2017-05-19 06:10:00.300,101.7
1000045077,2,2017-05-19 06:15:00.300,101.7
1000045078,2,2017-05-19 06:20:00.200,101.7
1000045079,2,2017-05-19 06:25:00.200,101.7
1000045080,2,2017-05-19 06:30:00.200,101.7
1000045081,2,2017-05-19 06:35:00.100,101.7
1000045082,2,2017-05-19 06:40:00.200,101.7
1000045083,2,2017-05-19 06:45:00.200,101.7
1000045084,2,2017-05-19 06:50:00.200,101.7
1000045085,2,2017-05-19 06:55:00.200,101.7
1000045086,2,2017-05-19 07:00:00.000,101.7
1000045087,2,2017-05-19 07:05:00.000,101.7
1000045088,2,2017-05-19 07:10:00.300,101.7
1000045089,2,2017-05-19 07:15:00.100,101.7
1000045090,2,2017-05-19 07:20:00.200,101.7
1000045091,2,2017-05-19 07:25:00.200,101.7
1000045092,2,2017-05-19 07:30:00.300,101.7
1000045093,2,2017-05-19 07:35:00.100,101.7
1000045094,2,2017-05-19 07:40:00.200,101.7
1000045095,2,2017-05-19 07:45:00.200,101.7
1000045096,2,2017-05-19 07:50:00.300,101.7
1000045097,2,2017-05-19 07:55:00.300,101.7
1000045098,2,2017-05-19 08:00:00.100,101.7
1000045099,2,2017-05-19 08:05:00.100,101.7
1000045100,2,2017-05-19 08:10:00.100,101.7
1000045101,2,2017-05-19 08:15:00.200,101.7
1000045102,2,2017-05-19 08:20:00.200,101.7
1000045103,2,2017-05-19 08:25:00.200,101.7
1000045104,2,2017-05-19 08:30:00.200,101.7
1000045105,2,2017-05-19 08:35:00.200,101.7
1000045106,2,2017-05-19 08:40:00.300,101.7
1000045107,2,2017-05-19 08:45:00.100,101.7
1000045108,2,2017-05-19 08:50:00.000,101.7
1000045109,2,2017-05-19 08:55:00.200,101.7
1000045110,2,2017-05-19 09:00:00.300,101.7
1000045111,2,2017-05-19 09:05:00.100,101.7
1000045112,2,2017-05-19 09:10:00.100,101.7
1000045113,2,2017-05-19 09:15:00.300,101.7
1000045114,2,2017-05-19 09:20:00.200,101.7
1000045115,2,2017-05-19 09:25:00.000,101.7
1000045116,2,2017-05-19 09:30:00.300,101.7
1000045117,2,2017-05-19 09:35:00.200,101.7
1000045118,2,2017-05-19 09:40:00.100,101.7
1000045119,2,2017-05-19 09:45:00.200,101.7
1000045120,2,2017-05-19 09:50:00.000,101.7
1000045121,2,2017-05-19 09:55:00.000,101.7
1000045122,2,2017-05-19 10:00:00.100,101.7
1000045123,2,2017-05-19 10:05:00.000,101.7
1000045124,2,2017-05-19 10:10:00.200,101.7
1000045125,2,2017-05-19 10:15:00.200,101.7
1000045126,2,2017-05-19 10:20:00.100,101.7
1000045127,2,2017-05-19 10:25:00.300,101.7
1000045128,2,2017-05-19 10:30:00.000,101.7
1000045129,2,2017-05-19 10:35:00.200,101.7
1000045130,2,2017-05-19 10:40:00.300,101.7
1000045131,2,2017-05-19 10:45:00.300,101.7
1000045132,2,2017-05-19 10:50:00.300,101.7
1000045133,2,2017-05-19 10:55:00.100,101.7
1000045134,2,2017-05-19 11:00:00.100,101.7
1000045135,2,2017-05-19 11:05:00.200,101.7
1000045136,2,2017-05-19 11:10:00.000,101.7
1000045137,2,2017-05-19 11:15:00.200,101.7
1000045138,2,2017-05-19 11:20:00.200,101.7
1000045139,2,2017-05-19 11:25:00.100,101.7
1000045140,2,2017-05-19 11:30:00.200,101.7
1000045141,2,2017-05-19 11:35:00.100,101.7
1000045142,2,2017-05-19 11:40:00.100,101.7
1000045143,2,2017-05-19 11:45:00.100,101.7
1000045144,2,2017-05-19 11:50:00.100,101.7
1000045145,2,2017-05-19 11:55:00.000,101.7
1000045146,2,2017-05-19 12:00:00.200,101.7
1000045147,2,2017-05-19 12:05:00.100,101.7
1000045148,2,2017-05-19 12:10:00.000,101.7
1000045149,2,2017-05-19 12:15:00.100,101.7
1000045150,2,2017-05-19 12:20:00.200,101.7
1000045151,2,2017-05-19 12:25:00.100,101.7
1000045152,2,2017-05-19 12:30:00.100,101.7
1000045153,2,2017-05-19 12:35:00.100,101.7
1000045154,2,2017-05-19 12:40:00.000,101.7
1000045155,2,2017-05-19 12:45:00.200,101.7
1000045156,2,2017-05-19 12:50:00.200,101.7
1000045157,2,2017-05-19 12:55:00.200,101.7
1000045158,2,2017-05-19 13:00:00.200,101.7
1000045159,2,2017-05-19 13:05:00.000,101.7
1000045160,2,2017-05-19 13:10:00.000,101.7
1000045161,2,2017-05-19 13:15:00.300,101.7
1000045162,2,2017-05-19 13:20:00.100,101.7
1000045163,2,2017-05-19 13:25:00.100,101.7
1000045164,2,2017-05-19 13:30:00.300,101.7
1000045165,2,2017-05-19 13:35:00.200,101.7
1000045166,2,2017-05-19 13:40:00.200,101.7
1000045167,2,2017-05-19 13:45:00.300,101.7
1000045168,2,2017-05-19 13:50:00.000,101.7
1000045169,2,2017-05-19 13:55:00.200,101.7
1000045170,2,2017-05-19 14:00:00.200,101.7
1000045171,2,2017-05-19 14:05:00.200,101.7
1000045172,2,2017-05-19 14:10:00.100,101.7
1000045173,2,2017-05-19 14:15:00.300,101.7
1000045174,2,2017-05-19 14:20:00.100,101.7
1000045175,2,2017-05-19 14:25:00.300,101.7
1000045176,2,2017-05-19 14:30:00.300,101.7
1000045177,2,2017-05-19 14:35:00.300,101.7
1000045178,2,2017-05-19 14:40:00.300,101.7
1000045179,2,2017-05-19 14:45:00.100,101.7
1000045180,2,2017-05-19 14:50:00.200,101.7
1000045181,2,2017-05-19 14:55:00.200,101.7
1000045182,2,2017-05-19 15:00:00.100,101.7
1000045183,2,2017-05-19 15:05:00.400,101.7
1000045184,2,2017-05-19 15:10:00.200,101.7
1000045185,2,2017-05-19 15:15:00.000,101.7
1000045186,2,2017-05-19 15:20:00.100,101.7
1000045187,2,2017-05-19 15:25:00.100,101.7
1000045188,2,2017-05-19 15:30:00.100,101.7
1000045189,2,2017-05-19 15:35:00.100,101.7
1000045190,2,2017-05-19 15:40:00.300,101.7
1000045191,2,2017-05-19 15:45:00.000,101.7
1000045192,2,2017-05-19 15:50:00.200,101.7
1000045193,2,2017-05-19 15:55:00.000,101.7
1000045194,2,2017-05-19 16:00:00.000,101.7
1000045195,2,2017-05-19 16:05:00.100,101.7
1000045196,2,2017-05-19 16:10:00.200,101.7
1000045197,2,2017-05-19 16:15:00.100,101.7
1000045198,2,2017-05-19 16:20:00.100,101.7
1000045199,2,2017-05-19 16:25:00.100,101.7
1000045200,2,2017-05-19 16:30:00.000,101.7
1000045201,2,2017-05-19 16:35:00.100,101.7
1000045202,2,2017-05-19 16:40:00.200,101.7
1000045203,2,2017-05-19 16:45:00.200,101.7
1000045204,2,2017-05-19 16:50:00.100,101.7
1000045205,2,2017-05-19 16:55:00.300,101.7
1000045206,2,2017-05-19 17:00:00.100,101.7
1000045207,2,2017-05-19 17:05:00.100,101.7
1000045208,2,2017-05-19 17:10:00.200,101.7
1000045209,2,2017-05-19 17:15:00.100,101.7
1000045210,2,2017-05-19 17:20:00.200,101.7
1000045211,2,2017-05-19 17:25:00.000,101.7
1000045212,2,2017-05-19 17:30:00.300,101.7
1000045213,2,2017-05-19 17:35:00.300,101.7
1000045214,2,2017-05-19 17:40:00.300,101.7
1000045215,2,2017-05-19 17:45:00.000,101.7
1000045216,2,2017-05-19 17:50:00.000,101.7
1000045217,2,2017-05-19 17:55:00.200,101.7
1000045218,2,2017-05-19 18:00:00.000,101.7
1000045219,2,2017-05-19 18:05:00.300,101.7
1000045220,2,2017-05-19 18:10:00.200,101.7
1000045221,2,2017-05-19 18:15:00.100,101.7
1000045222,2,2017-05-19 18:20:00.200,101.7
1000045223,2,2017-05-19 18:25:00.100,101.7
1000045224,2,2017-05-19 18:30:00.100,101.7
1000045225,2,2017-05-19 18:35:00.100,101.7
1000045226,2,2017-05-19 18:40:00.300,101.7
1000045227,2,2017-05-19 18:45:00.100,101.7
1000045228,2,2017-05-19 18:50:00.300,101.7
1000045229,2,2017-05-19 18:55:00.100,101.7
1000045230,2,2017-05-19 19:00:00.100,101.7
1000045231,2,2017-05-19 19:05:00.200,101.7
1000045232,2,2017-05-19 19:10:00.100,101.7
1000045233,2,2017-05-19 19:15:00.000,101.7
1000045234,2,2017-05-19 19:20:00.200,101.7
1000045235,2,2017-05-19 19:25:00.100,101.7
1000045236,2,2017-05-19 19:30:00.100,101.7
1000045237,2,2017-05-19 19:35:00.100,101.7
1000045238,2,2017-05-19 19:40:00.200,101.7
1000045239,2,2017-05-19 19:45:00.100,101.7
1000045240,2,2017-05-19 19:50:00.100,101.7
1000045241,2,2017-05-19 19:55:00.300,101.7
1000045242,2,2017-05-19 20:00:00.100,101.7
1000045243,2,2017-05-19 20:05:00.300,101.7
1000045244,2,2017-05-19 20:10:00.200,101.7
1000045245,2,2017-05-19 20:15:00.100,101.7
1000045246,2,2017-05-19 20:20:00.100,101.7
1000045247,2,2017-05-19 20:25:00.100,101.7
1000045248,2,2017-05-19 20:30:00.200,101.7
1000045249,2,2017-05-19 20:35:00.000,101.7
1000045250,2,2017-05-19 20:40:00.300,101.7
1000045251,2,2017-05-19 20:45:00.300,101.7
1000045252,2,2017-05-19 20:50:00.200,101.7
1000045253,2,2017-05-19 20:55:00.200,101.7
1000045254,2,2017-05-19 21:00:00.000,101.7
1000045255,2,2017-05-19 21:05:00.200,101.7
1000045256,2,2017-05-19 21:10:00.300,101.7
1000045257,2,2017-05-19 21:15:00.000,101.7
1000045258,2,2017-05-19 21:20:00.100,101.7
1000045259,2,2017-05-19 21:25:00.200,101.7
1000045260,2,2017-05-19 21:30:00.200,101.7
1000045261,2,2017-05-19 21:35:00.100,101.7
1000045262,2,2017-05-19 21:40:00.200,101.7
1000045263,2,2017-05-19 21:45:00.000,101.7
1000045264,2,2017-05-19 21:50:00.300,101.7
1000045265,2,2017-05-19 21:55:00.100,101.7
1000045266,2,2017-05-19 22:00:00.200,101.7
1000045267,2,2017-05-19 22:05:00.200,101.7
1000045268,2,2017-05-19 22:10:00.200,101.7
1000045269,2,2017-05-19 22:15:00.300,101.7
1000045270,2,2017-05-19 22:20:00.000,101.7
1000045271,2,2017-05-19 22:25:00.100,101.7
1000045272,2,2017-05-19 22:30:00.300,101.7
1000045273,2,2017-05-19 22:35:00.200,101.7
1000045274,2,2017-05-19 22:40:00.200,101.7
1000045275,2,2017-05-19 22:45:00.000,101.7
1000045276,2,2017-05-19 22:50:00.100,101.7
1000045277,2,2017-05-19 22:55:00.000,101.7
1000045278,2,2017-05-19 23:00:00.100,101.7
1000045279,2,2017-05-19 23:05:00.000,101.7
1000045280,2,2017-05-19 23:10:00.100,101.7
1000045281,2,2017-05-19 23:15:00.200,101.7
1000045282,2,2017-05-19 23:20:00.200,101.7
1000045283,2,2017-05-19 23:25:00.100,101.7
1000045284,2,2017-05-19 23:30:00.000,101.7
1000045285,2,2017-05-19 23:35:00.100,101.7
1000045286,2,2017-05-19 23:40:00.000,101.7
1000045287,2,2017-05-19 23:45:00.100,101.7
1000045288,2,2017-05-19 23:50:00.100,101.7
1000045289,2,2017-05-19 23:55:00.200,101.7
1000045290,2,2017-05-20 00:00:00.100,101.7
1000045291,2,2017-05-20 00:05:00.300,101.7
1000045292,2,2017-05-20 00:10:00.000,101.7
1000045293,2,2017-05-20 00:15:00.100,101.7
1000045294,2,2017-05-20 00:20:00.200,101.7
1000045295,2,2017-05-20 00:25:00.200,101.7
1000045296,2,2017-05-20 00:30:00.100,101.7
1000045297,2,2017-05-20 00:35:00.100,101.7
1000045298,2,2017-05-20 00:40:00.100,101.7
1000045299,2,2017-05-20 00:45:00.100,101.7
1000045300,2,2017-05-20 00:50:00.300,101.7
1000045301,2,2017-05-20 00:55:00.200,101.7
1000045302,2,2017-05-20 01:00:00.200,101.7
1000045303,2,2017-05-20 01:05:00.100,101.7
1000045304,2,2017-05-20 01:10:00.200,101.7
1000045305,2,2017-05-20 01:15:00.300,101.7
1000045306,2,2017-05-20 01:20:00.200,101.7
1000045307,2,2017-05-20 01:25:00.000,101.7
1000045308,2,2017-05-20 01:30:00.100,101.7
1000045309,2,2017-05-20 01:35:00.200,101.7
1000045310,2,2017-05-20 01:40:00.100,101.7
1000045311,2,2017-05-20 01:45:00.000,101.7
1000045312,2,2017-05-20 01:50:00.200,101.7
1000045313,2,2017-05-20 01:55:00.200,101.7
1000045314,2,2017-05-20 02:00:00.200,101.7
1000045315,2,2017-05-20 02:05:00.200,101.7
1000045316,2,2017-05-20 02:10:00.100,101.7
1000045317,2,2017-05-20 02:15:00.100,101.7
1000045318,2,2017-05-20 02:20:00.200,101.7
1000045319,2,2017-05-20 02:25:00.100,101.7
1000045320,2,2017-05-20 02:30:00.300,101.7
1000045321,2,2017-05-20 02:35:00.200,101.7
1000045322,2,2017-05-20 02:40:00.100,101.7
1000045323,2,2017-05-20 02:45:00.100,101.7
1000045324,2,2017-05-20 02:50:00.100,101.7
1000045325,2,2017-05-20 02:55:00.300,101.7
1000045326,2,2017-05-20 03:00:00.100,101.7
1000045327,2,2017-05-20 03:05:00.300,101.7
1000045328,2,2017-05-20 03:10:00.100,101.7
1000045329,2,2017-05-20 03:15:00.200,101.7
1000045330,2,2017-05-20 03:20:00.300,101.7
1000045331,2,2017-05-20 03:25:00.200,101.7
1000045332,2,2017-05-20 03:30:00.100,101.7
1000045333,2,2017-05-20 03:35:00.300,101.7
1000045334,2,2017-05-20 03:40:00.300,101.7
1000045335,2,2017-05-20 03:45:00.200,101.7
1000045336,2,2017-05-20 03:50:00.100,101.7
1000045337,2,2017-05-20 03:55:00.300,101.7
1000045338,2,2017-05-20 04:00:00.100,101.7
1000045339,2,2017-05-20 04:05:00.000,101.7
1000045340,2,2017-05-20 04:10:00.100,101.7
1000045341,2,2017-05-20 04:15:00.100,101.7
1000045342,2,2017-05-20 04:20:00.200,101.7
1000045343,2,2017-05-20 04:25:00.300,101.7
1000045344,2,2017-05-20 04:30:00.000,101.7
1000045345,2,2017-05-20 04:35:00.200,101.7
1000045346,2,2017-05-20 04:40:00.300,101.7
1000045347,2,2017-05-20 04:45:00.200,101.7
1000045348,2,2017-05-20 04:50:00.300,101.7
1000045349,2,2017-05-20 04:55:00.300,101.7
1000045350,2,2017-05-20 05:00:00.200,101.7
1000045351,2,2017-05-20 05:05:00.100,101.7
1000045352,2,2017-05-20 05:10:00.100,101.7
1000045353,2,2017-05-20 05:15:00.200,101.7
1000045354,2,2017-05-20 05:20:00.200,101.7
1000045355,2,2017-05-20 05:25:00.100,101.7
1000045356,2,2017-05-20 05:30:00.000,101.7
1000045357,2,2017-05-20 05:35:00.200,101.7
1000045358,2,2017-05-20 05:40:00.000,101.7
1000045359,2,2017-05-20 05:45:00.200,101.7
1000045360,2,2017-05-20 05:50:00.100,101.7
1000045361,2,2017-05-20 05:55:00.100,101.7
1000045362,2,2017-05-20 06:00:00.200,101.7
1000045363,2,2017-05-20 06:05:00.300,101.7
1000045364,2,2017-05-20 06:10:00.100,101.7
1000045365,2,2017-05-20 06:15:00.200,101.7
1000045366,2,2017-05-20 06:20:00.200,101.7
1000045367,2,2017-05-20 06:25:00.300,101.7
1000045368,2,2017-05-20 06:30:00.400,101.7
1000045369,2,2017-05-20 06:35:00.100,101.7
1000045370,2,2017-05-20 06:40:00.100,101.7
1000045371,2,2017-05-20 06:45:00.000,101.7
1000045372,2,2017-05-20 06:50:00.100,101.7
1000045373,2,2017-05-20 06:55:00.200,101.7
1000045374,2,2017-05-20 07:00:00.000,101.7
1000045375,2,2017-05-20 07:05:00.100,101.7
1000045376,2,2017-05-20 07:10:00.100,101.7
1000045377,2,2017-05-20 07:15:00.100,101.7
1000045378,2,2017-05-20 07:20:00.200,101.7
1000045379,2,2017-05-20 07:25:00.000,101.7
1000045380,2,2017-05-20 07:30:00.300,101.7
1000045381,2,2017-05-20 07:35:00.200,101.7
1000045382,2,2017-05-20 07:40:00.300,101.7
1000045383,2,2017-05-20 07:45:00.200,101.7
1000045384,2,2017-05-20 07:50:00.200,101.7
1000045385,2,2017-05-20 07:55:00.100,101.7
1000045386,2,2017-05-20 08:00:00.200,101.7
1000045387,2,2017-05-20 08:05:00.100,101.7
1000045388,2,2017-05-20 08:10:00.100,101.7
1000045389,2,2017-05-20 08:15:00.300,101.7
1000045390,2,2017-05-20 08:20:00.200,101.7
1000045391,2,2017-05-20 08:25:00.100,101.7
1000045392,2,2017-05-20 08:30:00.100,101.7
1000045393,2,2017-05-20 08:35:00.300,101.7
1000045394,2,2017-05-20 08:40:00.000,101.7
1000045395,2,2017-05-20 08:45:00.100,101.7
1000045396,2,2017-05-20 08:50:00.100,101.7
1000045397,2,2017-05-20 08:55:00.200,101.7
1000045398,2,2017-05-20 09:00:00.200,101.7
1000045399,2,2017-05-20 09:05:00.100,101.7
1000045400,2,2017-05-20 09:10:00.300,101.7
1000045401,2,2017-05-20 09:15:00.000,101.7
1000045402,2,2017-05-20 09:20:00.100,101.7
1000045403,2,2017-05-20 09:25:00.100,101.7
1000045404,2,2017-05-20 09:30:00.300,101.7
1000045405,2,2017-05-20 09:35:00.200,101.7
1000045406,2,2017-05-20 09:40:00.100,101.7
1000045407,2,2017-05-20 09:45:00.300,101.7
1000045408,2,2017-05-20 09:50:00.100,101.7
1000045409,2,2017-05-20 09:55:00.000,101.7
1000045410,2,2017-05-20 10:00:00.200,101.7
1000045411,2,2017-05-20 10:05:00.000,101.7
1000045412,2,2017-05-20 10:10:00.000,101.7
1000045413,2,2017-05-20 10:15:00.300,101.7
1000045414,2,2017-05-20 10:20:00.100,101.7
1000045415,2,2017-05-20 10:25:00.200,101.7
1000045416,2,2017-05-20 10:30:00.200,101.7
1000045417,2,2017-05-20 10:35:00.000,101.7
1000045418,2,2017-05-20 10:40:00.100,101.7
1000045419,2,2017-05-20 10:45:00.200,101.7
1000045420,2,2017-05-20 10:50:00.100,101.7
1000045421,2,2017-05-20 10:55:00.200,101.7
1000045422,2,2017-05-20 11:00:00.000,101.7
1000045423,2,2017-05-20 11:05:00.200,101.7
1000045424,2,2017-05-20 11:10:00.100,101.7
1000045425,2,2017-05-20 11:15:00.000,101.7
1000045426,2,2017-05-20 11:20:00.300,101.7
1000045427,2,2017-05-20 11:25:00.100,101.7
1000045428,2,2017-05-20 11:30:00.000,101.7
1000045429,2,2017-05-20 11:35:00.100,101.7
1000045430,2,2017-05-20 11:40:00.300,101.7
1000045431,2,2017-05-20 11:45:00.300,101.7
1000045432,2,2017-05-20 11:50:00.100,101.7
1000045433,2,2017-05-20 11:55:00.100,101.7
1000045434,2,2017-05-20 12:00:00.200,101.7
1000045435,2,2017-05-20 12:05:00.200,101.7
1000045436,2,2017-05-20 12:10:00.200,101.7
1000045437,2,2017-05-20 12:15:00.200,101.7
1000045438,2,2017-05-20 12:20:00.200,101.7
1000045439,2,2017-05-20 12:25:00.300,101.7
1000045440,2,2017-05-20 12:30:00.100,101.7
1000045441,2,2017-05-20 12:35:00.300,101.7
1000045442,2,2017-05-20 12:40:00.100,101.7
1000045443,2,2017-05-20 12:45:00.100,101.7
1000045444,2,2017-05-20 12:50:00.100,101.7
1000045445,2,2017-05-20 12:55:00.100,101.7
1000045446,2,2017-05-20 13:00:00.200,101.7
1000045447,2,2017-05-20 13:05:00.000,101.7
1000045448,2,2017-05-20 13:10:00.100,101.7
1000045449,2,2017-05-20 13:15:00.200,101.7
1000045450,2,2017-05-20 13:20:00.200,101.7
1000045451,2,2017-05-20 13:25:00.100,101.7
1000045452,2,2017-05-20 13:30:00.300,101.7
1000045453,2,2017-05-20 13:35:00.100,101.7
1000045454,2,2017-05-20 13:40:00.100,101.7
1000045455,2,2017-05-20 13:45:00.200,101.7
1000045456,2,2017-05-20 13:50:00.100,101.7
1000045457,2,2017-05-20 13:55:00.200,101.7
1000045458,2,2017-05-20 14:00:00.200,101.7
1000045459,2,2017-05-20 14:05:00.100,101.7
1000045460,2,2017-05-20 14:10:00.200,101.7
1000045461,2,2017-05-20 14:15:00.100,101.7
1000045462,2,2017-05-20 14:20:00.200,101.7
1000045463,2,2017-05-20 14:25:00.200,101.7
1000045464,2,2017-05-20 14:30:00.000,101.7
1000045465,2,2017-05-20 14:35:00.300,101.7
1000045466,2,2017-05-20 14:40:00.300,101.7
1000045467,2,2017-05-20 14:45:00.200,101.7
1000045468,2,2017-05-20 14:50:00.200,101.7
1000045469,2,2017-05-20 14:55:00.200,101.7
1000045470,2,2017-05-20 15:00:00.100,101.7
1000045471,2,2017-05-20 15:05:00.000,101.7
1000045472,2,2017-05-20 15:10:00.000,101.7
1000045473,2,2017-05-20 15:15:00.100,101.7
1000045474,2,2017-05-20 15:20:00.300,101.7
1000045475,2,2017-05-20 15:25:00.100,101.7
1000045476,2,2017-05-20 15:30:00.300,101.7
1000045477,2,2017-05-20 15:35:00.000,101.7
1000045478,2,2017-05-20 15:40:00.400,101.7
1000045479,2,2017-05-20 15:45:00.000,101.7
1000045480,2,2017-05-20 15:50:00.100,101.7
1000045481,2,2017-05-20 15:55:00.200,101.7
1000045482,2,2017-05-20 16:00:00.300,101.7
1000045483,2,2017-05-20 16:05:00.100,101.7
1000045484,2,2017-05-20 16:10:00.200,101.7
1000045485,2,2017-05-20 16:15:00.200,101.7
1000045486,2,2017-05-20 16:20:00.000,101.7
1000045487,2,2017-05-20 16:25:00.100,101.7
1000045488,2,2017-05-20 16:30:00.200,101.7
1000045489,2,2017-05-20 16:35:00.000,101.7
1000045490,2,2017-05-20 16:40:00.200,101.7
1000045491,2,2017-05-20 16:45:00.100,101.7
1000045492,2,2017-05-20 16:50:00.200,101.7
1000045493,2,2017-05-20 16:55:00.300,101.7
1000045494,2,2017-05-20 17:00:00.200,101.7
1000045495,2,2017-05-20 17:05:00.300,101.7
1000045496,2,2017-05-20 17:10:00.200,101.7
1000045497,2,2017-05-20 17:15:00.200,101.7
1000045498,2,2017-05-20 17:20:00.100,101.7
1000045499,2,2017-05-20 17:25:00.200,101.7
1000045500,2,2017-05-20 17:30:00.200,101.7
1000045501,2,2017-05-20 17:35:00.100,101.7
1000045502,2,2017-05-20 17:40:00.200,101.7
1000045503,2,2017-05-20 17:45:00.300,101.7
1000045504,2,2017-05-20 17:50:00.000,101.7
1000045505,2,2017-05-20 17:55:00.100,101.7
1000045506,2,2017-05-20 18:00:00.000,101.7
1000045507,2,2017-05-20 18:05:00.000,101.7
1000045508,2,2017-05-20 18:10:00.100,101.7
1000045509,2,2017-05-20 18:15:00.100,101.7
1000045510,2,2017-05-20 18:20:00.200,101.7
1000045511,2,2017-05-20 18:25:00.100,101.7
1000045512,2,2017-05-20 18:30:00.100,101.7
1000045513,2,2017-05-20 18:35:00.200,101.7
1000045514,2,2017-05-20 18:40:00.200,101.7
1000045515,2,2017-05-20 18:45:00.100,101.7
1000045516,2,2017-05-20 18:50:00.100,101.7
1000045517,2,2017-05-20 18:55:00.200,101.7
1000045518,2,2017-05-20 19:00:00.100,101.7
1000045519,2,2017-05-20 19:05:00.100,101.7
1000045520,2,2017-05-20 19:10:00.100,101.7
1000045521,2,2017-05-20 19:15:00.300,101.7
1000045522,2,2017-05-20 19:20:00.200,101.7
1000045523,2,2017-05-20 19:25:00.000,101.7
1000045524,2,2017-05-20 19:30:00.200,101.7
1000045525,2,2017-05-20 19:35:00.300,101.7
1000045526,2,2017-05-20 19:40:00.300,101.7
1000045527,2,2017-05-20 19:45:00.100,101.7
1000045528,2,2017-05-20 19:50:00.000,101.7
1000045529,2,2017-05-20 19:55:00.200,101.7
1000045530,2,2017-05-20 20:00:00.200,101.7
1000045531,2,2017-05-20 20:05:00.000,101.7
1000045532,2,2017-05-20 20:10:00.200,101.7
1000045533,2,2017-05-20 20:15:00.100,101.7
1000045534,2,2017-05-20 20:20:00.200,101.7
1000045535,2,2017-05-20 20:25:00.200,101.7
1000045536,2,2017-05-20 20:30:00.300,101.7
1000045537,2,2017-05-20 20:35:00.200,101.7
1000045538,2,2017-05-20 20:40:00.100,101.7
1000045539,2,2017-05-20 20:45:00.300,101.7
1000045540,2,2017-05-20 20:50:00.200,101.7
1000045541,2,2017-05-20 20:55:00.300,101.7
1000045542,2,2017-05-20 21:00:00.200,101.7
1000045543,2,2017-05-20 21:05:00.300,101.7
1000045544,2,2017-05-20 21:10:00.200,101.7
1000045545,2,2017-05-20 21:15:00.200,101.7
1000045546,2,2017-05-20 21:20:00.100,101.7
1000045547,2,2017-05-20 21:25:00.000,101.7
1000045548,2,2017-05-20 21:30:00.000,101.7
1000045549,2,2017-05-20 21:35:00.100,101.7
1000045550,2,2017-05-20 21:40:00.200,101.7
1000045551,2,2017-05-20 21:45:00.200,101.7
1000045552,2,2017-05-20 21:50:00.100,101.7
1000045553,2,2017-05-20 21:55:00.300,101.7
1000045554,2,2017-05-20 22:00:00.300,101.7
1000045555,2,2017-05-20 22:05:00.300,101.7
1000045556,2,2017-05-20 22:10:00.100,101.7
1000045557,2,2017-05-20 22:15:00.100,101.7
1000045558,2,2017-05-20 22:20:00.200,101.7
1000045559,2,2017-05-20 22:25:00.100,101.7
1000045560,2,2017-05-20 22:30:00.200,101.7
1000045561,2,2017-05-20 22:35:00.300,101.7
1000045562,2,2017-05-20 22:40:00.100,101.7
1000045563,2,2017-05-20 22:45:00.200,101.7
1000045564,2,2017-05-20 22:50:00.000,101.7
1000045565,2,2017-05-20 22:55:00.100,101.7
1000045566,2,2017-05-20 23:00:00.000,101.7
1000045567,2,2017-05-20 23:05:00.100,101.7
1000045568,2,2017-05-20 23:10:00.200,101.7
1000045569,2,2017-05-20 23:15:00.100,101.7
1000045570,2,2017-05-20 23:20:00.100,101.7
1000045571,2,2017-05-20 23:25:00.200,101.7
1000045572,2,2017-05-20 23:30:00.100,101.7
1000045573,2,2017-05-20 23:35:00.100,101.7
1000045574,2,2017-05-20 23:40:00.100,101.7
1000045575,2,2017-05-20 23:45:00.200,101.7
1000045576,2,2017-05-20 23:50:00.100,101.7
1000045577,2,2017-05-20 23:55:00.000,101.7
1000045578,2,2017-05-21 00:00:00.200,101.7
1000045579,2,2017-05-21 00:05:00.000,101.7
1000045580,2,2017-05-21 00:10:00.100,101.7
1000045581,2,2017-05-21 00:15:00.200,101.7
1000045582,2,2017-05-21 00:20:00.000,101.7
1000045583,2,2017-05-21 00:25:00.300,101.7
1000045584,2,2017-05-21 00:30:00.200,101.7
1000045585,2,2017-05-21 00:35:00.200,101.7
1000045586,2,2017-05-21 00:40:00.100,101.7
1000045587,2,2017-05-21 00:45:00.200,101.7
1000045588,2,2017-05-21 00:50:00.100,101.7
1000045589,2,2017-05-21 00:55:00.200,101.7
1000045590,2,2017-05-21 01:00:00.000,101.7
1000045591,2,2017-05-21 01:05:00.200,101.7
1000045592,2,2017-05-21 01:10:00.100,101.7
1000045593,2,2017-05-21 01:15:00.200,101.7
1000045594,2,2017-05-21 01:20:00.200,101.7
1000045595,2,2017-05-21 01:25:00.200,101.7
1000045596,2,2017-05-21 01:30:00.200,101.7
1000045597,2,2017-05-21 01:35:00.200,101.7
1000045598,2,2017-05-21 01:40:00.100,101.7
1000045599,2,2017-05-21 01:45:00.100,101.7
1000045600,2,2017-05-21 01:50:00.200,101.7
1000045601,2,2017-05-21 01:55:00.100,101.7
1000045602,2,2017-05-21 02:00:00.100,101.7
1000045603,2,2017-05-21 02:05:00.100,101.7
1000045604,2,2017-05-21 02:10:00.200,101.7
1000045605,2,2017-05-21 02:15:00.200,101.7
1000045606,2,2017-05-21 02:20:00.000,101.7
1000045607,2,2017-05-21 02:25:00.100,101.7
1000045608,2,2017-05-21 02:30:00.000,101.7
1000045609,2,2017-05-21 02:35:00.200,101.7
1000045610,2,2017-05-21 02:40:00.200,101.7
1000045611,2,2017-05-21 02:45:00.200,101.7
1000045612,2,2017-05-21 02:50:00.200,101.7
1000045613,2,2017-05-21 02:55:00.000,101.7
1000045614,2,2017-05-21 03:00:00.000,101.7
1000045615,2,2017-05-21 03:05:00.000,101.7
1000045616,2,2017-05-21 03:10:00.200,101.7
1000045617,2,2017-05-21 03:15:00.200,101.7
1000045618,2,2017-05-21 03:20:00.200,101.7
1000045619,2,2017-05-21 03:25:00.000,101.7
1000045620,2,2017-05-21 03:30:00.000,101.7
1000045621,2,2017-05-21 03:35:00.000,101.7
1000045622,2,2017-05-21 03:40:00.100,101.7
1000045623,2,2017-05-21 03:45:00.200,101.7
1000045624,2,2017-05-21 03:50:00.300,101.7
1000045625,2,2017-05-21 03:55:00.000,101.7
1000045626,2,2017-05-21 04:00:00.300,101.7
1000045627,2,2017-05-21 04:05:00.100,101.7
1000045628,2,2017-05-21 04:10:00.100,101.7
1000045629,2,2017-05-21 04:15:00.000,101.7
1000045630,2,2017-05-21 04:20:00.200,101.7
1000045631,2,2017-05-21 04:25:00.000,101.7
1000045632,2,2017-05-21 04:30:00.000,101.7
1000045633,2,2017-05-21 04:35:00.200,101.7
1000045634,2,2017-05-21 04:40:00.000,101.7
1000045635,2,2017-05-21 04:45:00.100,101.7
1000045636,2,2017-05-21 04:50:00.200,101.7
1000045637,2,2017-05-21 04:55:00.300,101.7
1000045638,2,2017-05-21 05:00:00.200,101.7
1000045639,2,2017-05-21 05:05:00.000,101.7
1000045640,2,2017-05-21 05:10:00.100,101.7
1000045641,2,2017-05-21 05:15:00.300,101.7
1000045642,2,2017-05-21 05:20:00.300,101.7
1000045643,2,2017-05-21 05:25:00.200,101.7
1000045644,2,2017-05-21 05:30:00.200,101.7
1000045645,2,2017-05-21 05:35:00.200,101.7
1000045646,2,2017-05-21 05:40:00.200,101.7
1000045647,2,2017-05-21 05:45:00.100,101.7
1000045648,2,2017-05-21 05:50:00.300,101.7
1000045649,2,2017-05-21 05:55:00.300,101.7
1000045650,2,2017-05-21 06:00:00.200,101.7
1000045651,2,2017-05-21 06:05:00.000,101.7
1000045652,2,2017-05-21 06:10:00.200,101.7
1000045653,2,2017-05-21 06:15:00.000,101.7
1000045654,2,2017-05-21 06:20:00.100,101.7
1000045655,2,2017-05-21 06:25:00.100,101.7
1000045656,2,2017-05-21 06:30:00.100,101.7
1000045657,2,2017-05-21 06:35:00.000,101.7
1000045658,2,2017-05-21 06:40:00.300,101.7
1000045659,2,2017-05-21 06:45:00.200,101.7
1000045660,2,2017-05-21 06:50:00.200,101.7
1000045661,2,2017-05-21 06:55:00.000,101.7
1000045662,2,2017-05-21 07:00:00.100,101.7
1000045663,2,2017-05-21 07:05:00.200,101.7
1000045664,2,2017-05-21 07:10:00.200,101.7
1000045665,2,2017-05-21 07:15:00.200,101.7
1000045666,2,2017-05-21 07:20:00.300,101.7
1000045667,2,2017-05-21 07:25:00.000,101.7
1000045668,2,2017-05-21 07:30:00.100,101.7
1000045669,2,2017-05-21 07:35:00.200,101.7
1000045670,2,2017-05-21 07:40:00.100,101.7
1000045671,2,2017-05-21 07:45:00.000,101.7
1000045672,2,2017-05-21 07:50:00.200,101.7
1000045673,2,2017-05-21 07:55:00.300,101.7
1000045674,2,2017-05-21 08:00:00.300,101.7
1000045675,2,2017-05-21 08:05:00.200,101.7
1000045676,2,2017-05-21 08:10:00.300,101.7
1000045677,2,2017-05-21 08:15:00.200,101.7
1000045678,2,2017-05-21 08:20:00.100,101.7
1000045679,2,2017-05-21 08:25:00.100,101.7
1000045680,2,2017-05-21 08:30:00.300,101.7
1000045681,2,2017-05-21 08:35:00.000,101.7
1000045682,2,2017-05-21 08:40:00.200,101.7
1000045683,2,2017-05-21 08:45:00.000,101.7
1000045684,2,2017-05-21 08:50:00.200,101.7
1000045685,2,2017-05-21 08:55:00.000,101.7
1000045686,2,2017-05-21 09:00:00.300,101.7
1000045687,2,2017-05-21 09:05:00.200,101.7
1000045688,2,2017-05-21 09:10:00.100,101.7
1000045689,2,2017-05-21 09:15:00.200,101.7
1000045690,2,2017-05-21 09:20:00.200,101.7
1000045691,2,2017-05-21 09:25:00.300,101.7
1000045692,2,2017-05-21 09:30:00.100,101.7
1000045693,2,2017-05-21 09:35:00.100,101.7
1000045694,2,2017-05-21 09:40:00.400,101.7
1000045695,2,2017-05-21 09:45:00.200,101.7
1000045696,2,2017-05-21 09:50:00.200,101.7
1000045697,2,2017-05-21 09:55:00.100,101.7
1000045698,2,2017-05-21 10:00:00.100,101.7
1000045699,2,2017-05-21 10:05:00.100,101.7
1000045700,2,2017-05-21 10:10:00.200,101.7
1000045701,2,2017-05-21 10:15:00.200,101.7
1000045702,2,2017-05-21 10:20:00.300,101.7
1000045703,2,2017-05-21 10:25:00.100,101.7
1000045704,2,2017-05-21 10:30:00.100,101.7
1000045705,2,2017-05-21 10:35:00.200,101.7
1000045706,2,2017-05-21 10:40:00.300,101.7
1000045707,2,2017-05-21 10:45:00.300,101.7
1000045708,2,2017-05-21 10:50:00.100,101.7
1000045709,2,2017-05-21 10:55:00.200,101.7
1000045710,2,2017-05-21 11:00:00.200,101.7
1000045711,2,2017-05-21 11:05:00.000,101.7
1000045712,2,2017-05-21 11:10:00.200,101.7
1000045713,2,2017-05-21 11:15:00.300,101.7
1000045714,2,2017-05-21 11:20:00.100,101.7
1000045715,2,2017-05-21 11:25:00.200,101.7
1000045716,2,2017-05-21 11:30:00.200,101.7
1000045717,2,2017-05-21 11:35:00.400,101.7
1000045718,2,2017-05-21 11:40:00.200,101.7
1000045719,2,2017-05-21 11:45:00.000,101.7
1000045720,2,2017-05-21 11:50:00.300,101.7
1000045721,2,2017-05-21 11:55:00.100,101.7
1000045722,2,2017-05-21 12:00:00.200,101.7
1000045723,2,2017-05-21 12:05:00.200,101.7
1000045724,2,2017-05-21 12:10:00.300,101.7
1000045725,2,2017-05-21 12:15:00.300,101.7
1000045726,2,2017-05-21 12:20:00.100,101.7
1000045727,2,2017-05-21 12:25:00.200,101.7
1000045728,2,2017-05-21 12:30:00.100,101.7
1000045729,2,2017-05-21 12:35:00.200,101.7
1000045730,2,2017-05-21 12:40:00.000,101.7
1000045731,2,2017-05-21 12:45:00.200,101.7
1000045732,2,2017-05-21 12:50:00.300,101.7
1000045733,2,2017-05-21 12:55:00.200,101.7
1000045734,2,2017-05-21 13:00:00.300,101.7
1000045735,2,2017-05-21 13:05:00.300,101.7
1000045736,2,2017-05-21 13:10:00.000,101.7
1000045737,2,2017-05-21 13:15:00.200,101.7
1000045738,2,2017-05-21 13:20:00.200,101.7
1000045739,2,2017-05-21 13:25:00.200,101.7
1000045740,2,2017-05-21 13:30:00.200,101.7
1000045741,2,2017-05-21 13:35:00.200,101.7
1000045742,2,2017-05-21 13:40:00.300,101.7
1000045743,2,2017-05-21 13:45:00.300,101.7
1000045744,2,2017-05-21 13:50:00.200,101.7
1000045745,2,2017-05-21 13:55:00.100,101.7
1000045746,2,2017-05-21 14:00:00.200,101.7
1000045747,2,2017-05-21 14:05:00.000,101.7
1000045748,2,2017-05-21 14:10:00.000,101.7
1000045749,2,2017-05-21 14:15:00.200,101.7
1000045750,2,2017-05-21 14:20:00.100,101.7
1000045751,2,2017-05-21 14:25:00.300,101.7
1000045752,2,2017-05-21 14:30:00.100,101.7
1000045753,2,2017-05-21 14:35:00.100,101.7
1000045754,2,2017-05-21 14:40:00.000,101.7
1000045755,2,2017-05-21 14:45:00.000,101.7
1000045756,2,2017-05-21 14:50:00.200,101.7
1000045757,2,2017-05-21 14:55:00.100,101.7
1000045758,2,2017-05-21 15:00:00.000,101.7
1000045759,2,2017-05-21 15:05:00.300,101.7
1000045760,2,2017-05-21 15:10:00.200,101.7
1000045761,2,2017-05-21 15:15:00.200,101.7
1000045762,2,2017-05-21 15:20:00.000,101.7
1000045763,2,2017-05-21 15:25:00.200,101.7
1000045764,2,2017-05-21 15:30:00.100,101.7
1000045765,2,2017-05-21 15:35:00.300,101.7
1000045766,2,2017-05-21 15:40:00.100,101.7
1000045767,2,2017-05-21 15:45:00.100,101.7
1000045768,2,2017-05-21 15:50:00.200,101.7
1000045769,2,2017-05-21 15:55:00.200,101.7
1000045770,2,2017-05-21 16:00:00.100,101.7
1000045771,2,2017-05-21 16:05:00.000,101.7
1000045772,2,2017-05-21 16:10:00.000,101.7
1000045773,2,2017-05-21 16:15:00.200,101.7
1000045774,2,2017-05-21 16:20:00.200,101.7
1000045775,2,2017-05-21 16:25:00.100,101.7
1000045776,2,2017-05-21 16:30:00.100,101.7
1000045777,2,2017-05-21 16:35:00.000,101.7
1000045778,2,2017-05-21 16:40:00.100,101.7
1000045779,2,2017-05-21 16:45:00.100,101.7
1000045780,2,2017-05-21 16:50:00.300,101.7
1000045781,2,2017-05-21 16:55:00.300,101.7
1000045782,2,2017-05-21 17:00:00.100,101.7
1000045783,2,2017-05-21 17:05:00.300,101.7
1000045784,2,2017-05-21 17:10:00.100,101.7
1000045785,2,2017-05-21 17:15:00.200,101.7
1000045786,2,2017-05-21 17:20:00.300,101.7
1000045787,2,2017-05-21 17:25:00.300,101.7
1000045788,2,2017-05-21 17:30:00.300,101.7
1000045789,2,2017-05-21 17:35:00.000,101.7
1000045790,2,2017-05-21 17:40:00.100,101.7
1000045791,2,2017-05-21 17:45:00.300,101.7
1000045792,2,2017-05-21 17:50:00.200,101.7
1000045793,2,2017-05-21 17:55:00.400,101.7
1000045794,2,2017-05-21 18:00:00.100,101.7
1000045795,2,2017-05-21 18:05:00.100,101.7
1000045796,2,2017-05-21 18:10:00.200,101.7
1000045797,2,2017-05-21 18:15:00.100,101.7
1000045798,2,2017-05-21 18:20:00.100,101.7
1000045799,2,2017-05-21 18:25:00.100,101.7
1000045800,2,2017-05-21 18:30:00.000,101.7
1000045801,2,2017-05-21 18:35:00.000,101.7
1000045802,2,2017-05-21 18:40:00.200,101.7
1000045803,2,2017-05-21 18:45:00.300,101.7
1000045804,2,2017-05-21 18:50:00.200,101.7
1000045805,2,2017-05-21 18:55:00.200,101.7
1000045806,2,2017-05-21 19:00:00.100,101.7
1000045807,2,2017-05-21 19:05:00.300,101.7
1000045808,2,2017-05-21 19:10:00.000,101.7
1000045809,2,2017-05-21 19:15:00.200,101.7
1000045810,2,2017-05-21 19:20:00.200,101.7
1000045811,2,2017-05-21 19:25:00.200,101.7
1000045812,2,2017-05-21 19:30:00.300,101.7
1000045813,2,2017-05-21 19:35:00.100,101.7
1000045814,2,2017-05-21 19:40:00.000,101.7
1000045815,2,2017-05-21 19:45:00.300,101.7
1000045816,2,2017-05-21 19:50:00.200,101.7
1000045817,2,2017-05-21 19:55:00.100,101.7
1000045818,2,2017-05-21 20:00:00.100,101.7
1000045819,2,2017-05-21 20:05:00.200,101.7
1000045820,2,2017-05-21 20:10:00.200,101.7
1000045821,2,2017-05-21 20:15:00.200,101.7
1000045822,2,2017-05-21 20:20:00.200,101.7
1000045823,2,2017-05-21 20:25:00.100,101.7
1000045824,2,2017-05-21 20:30:00.100,101.7
1000045825,2,2017-05-21 20:35:00.000,101.7
1000045826,2,2017-05-21 20:40:00.300,101.7
1000045827,2,2017-05-21 20:45:00.100,101.7
1000045828,2,2017-05-21 20:50:00.000,101.7
1000045829,2,2017-05-21 20:55:00.200,101.7
1000045830,2,2017-05-21 21:00:00.200,101.7
1000045831,2,2017-05-21 21:05:00.100,101.7
1000045832,2,2017-05-21 21:10:00.100,101.7
1000045833,2,2017-05-21 21:15:00.100,101.7
1000045834,2,2017-05-21 21:20:00.000,101.7
1000045835,2,2017-05-21 21:25:00.100,101.7
1000045836,2,2017-05-21 21:30:00.100,101.7
1000045837,2,2017-05-21 21:35:00.000,101.7
1000045838,2,2017-05-21 21:40:00.100,101.7
1000045839,2,2017-05-21 21:45:00.200,101.7
1000045840,2,2017-05-21 21:50:00.300,101.7
1000045841,2,2017-05-21 21:55:00.100,101.7
1000045842,2,2017-05-21 22:00:00.300,101.7
1000045843,2,2017-05-21 22:05:00.300,101.7
1000045844,2,2017-05-21 22:10:00.200,101.7
1000045845,2,2017-05-21 22:15:00.100,101.7
1000045846,2,2017-05-21 22:20:00.000,101.7
1000045847,2,2017-05-21 22:25:00.100,101.7
1000045848,2,2017-05-21 22:30:00.200,101.7
1000045849,2,2017-05-21 22:35:00.300,101.7
1000045850,2,2017-05-21 22:40:00.200,101.7
1000045851,2,2017-05-21 22:45:00.000,101.7
1000045852,2,2017-05-21 22:50:00.300,101.7
1000045853,2,2017-05-21 22:55:00.200,101.7
1000045854,2,2017-05-21 23:00:00.200,101.7
1000045855,2,2017-05-21 23:05:00.100,101.7
1000045856,2,2017-05-21 23:10:00.200,101.7
1000045857,2,2017-05-21 23:15:00.100,101.7
1000045858,2,2017-05-21 23:20:00.100,101.7
1000045859,2,2017-05-21 23:25:00.400,101.7
1000045860,2,2017-05-21 23:30:00.200,101.7
1000045861,2,2017-05-21 23:35:00.000,101.7
1000045862,2,2017-05-21 23:40:00.000,101.7
1000045863,2,2017-05-21 23:45:00.300,101.7
1000045864,2,2017-05-21 23:50:00.200,101.7
1000045865,2,2017-05-21 23:55:00.200,101.7
1000045866,2,2017-05-22 00:00:00.100,101.7
1000045867,2,2017-05-22 00:05:00.000,101.7
1000045868,2,2017-05-22 00:10:00.100,101.7
1000045869,2,2017-05-22 00:15:00.100,101.7
1000045870,2,2017-05-22 00:20:00.100,101.7
1000045871,2,2017-05-22 00:25:00.200,101.7
1000045872,2,2017-05-22 00:30:00.300,101.7
1000045873,2,2017-05-22 00:35:00.000,101.7
1000045874,2,2017-05-22 00:40:00.300,101.7
1000045875,2,2017-05-22 00:45:00.200,101.7
1000045876,2,2017-05-22 00:50:00.100,101.7
1000045877,2,2017-05-22 00:55:00.100,101.7
1000045878,2,2017-05-22 01:00:00.300,101.7
1000045879,2,2017-05-22 01:05:00.300,101.7
1000045880,2,2017-05-22 01:10:00.000,101.7
1000045881,2,2017-05-22 01:15:00.300,101.7
1000045882,2,2017-05-22 01:20:00.100,101.7
1000045883,2,2017-05-22 01:25:00.100,101.7
1000045884,2,2017-05-22 01:30:00.200,101.7
1000045885,2,2017-05-22 01:35:00.200,101.7
1000045886,2,2017-05-22 01:40:00.100,101.7
1000045887,2,2017-05-22 01:45:00.200,101.7
1000045888,2,2017-05-22 01:50:00.200,101.7
1000045889,2,2017-05-22 01:55:00.300,101.7
1000045890,2,2017-05-22 02:00:00.100,101.7
1000045891,2,2017-05-22 02:05:00.100,101.7
1000045892,2,2017-05-22 02:10:00.200,101.7
1000045893,2,2017-05-22 02:15:00.000,101.7
1000045894,2,2017-05-22 02:20:00.100,101.7
1000045895,2,2017-05-22 02:25:00.000,101.7
1000045896,2,2017-05-22 02:30:00.200,101.7
1000045897,2,2017-05-22 02:35:00.100,101.7
1000045898,2,2017-05-22 02:40:00.200,101.7
1000045899,2,2017-05-22 02:45:00.200,101.7
1000045900,2,2017-05-22 02:50:00.100,101.7
1000045901,2,2017-05-22 02:55:00.100,101.7
1000045902,2,2017-05-22 03:00:00.200,101.7
1000045903,2,2017-05-22 03:05:00.100,101.7
1000045904,2,2017-05-22 03:10:00.100,101.7
1000045905,2,2017-05-22 03:15:00.100,101.7
1000045906,2,2017-05-22 03:20:00.000,101.7
1000045907,2,2017-05-22 03:25:00.000,101.7
1000045908,2,2017-05-22 03:30:00.200,101.7
1000045909,2,2017-05-22 03:35:00.100,101.7
1000045910,2,2017-05-22 03:40:00.300,101.7
1000045911,2,2017-05-22 03:45:00.100,101.7
1000045912,2,2017-05-22 03:50:00.200,101.7
1000045913,2,2017-05-22 03:55:00.200,101.7
1000045914,2,2017-05-22 04:00:00.100,101.7
1000045915,2,2017-05-22 04:05:00.000,101.7
1000045916,2,2017-05-22 04:10:00.100,101.7
1000045917,2,2017-05-22 04:15:00.200,101.7
1000045918,2,2017-05-22 04:20:00.200,101.7
1000045919,2,2017-05-22 04:25:00.200,101.7
1000045920,2,2017-05-22 04:30:00.300,101.7
1000045921,2,2017-05-22 04:35:00.200,101.7
1000045922,2,2017-05-22 04:40:00.200,101.7
1000045923,2,2017-05-22 04:45:00.100,101.7
1000045924,2,2017-05-22 04:50:00.200,101.7
1000045925,2,2017-05-22 04:55:00.100,101.7
1000045926,2,2017-05-22 05:00:00.000,101.7
1000045927,2,2017-05-22 05:05:00.000,101.7
1000045928,2,2017-05-22 05:10:00.300,101.7
1000045929,2,2017-05-22 05:15:00.000,101.7
1000045930,2,2017-05-22 05:20:00.000,101.7
1000045931,2,2017-05-22 05:25:00.100,101.7
1000045932,2,2017-05-22 05:30:00.200,101.7
1000045933,2,2017-05-22 05:35:00.000,101.7
1000045934,2,2017-05-22 05:40:00.300,101.7
1000045935,2,2017-05-22 05:45:00.100,101.7
1000045936,2,2017-05-22 05:50:00.100,101.7
1000045937,2,2017-05-22 05:55:00.200,101.7
1000045938,2,2017-05-22 06:00:00.100,101.7
1000045939,2,2017-05-22 06:05:00.200,101.7
1000045940,2,2017-05-22 06:10:00.200,101.7
1000045941,2,2017-05-22 06:15:00.000,101.7
1000045942,2,2017-05-22 06:20:00.000,101.7
1000045943,2,2017-05-22 06:25:00.100,101.7
1000045944,2,2017-05-22 06:30:00.200,101.7
1000045945,2,2017-05-22 06:35:00.400,101.7
1000045946,2,2017-05-22 06:40:00.300,101.7
1000045947,2,2017-05-22 06:45:00.300,101.7
1000045948,2,2017-05-22 06:50:00.000,101.7
1000045949,2,2017-05-22 06:55:00.300,101.7
1000045950,2,2017-05-22 07:00:00.300,101.7
1000045951,2,2017-05-22 07:05:00.200,101.7
1000045952,2,2017-05-22 07:10:00.100,101.7
1000045953,2,2017-05-22 07:15:00.100,101.7
1000045954,2,2017-05-22 07:20:00.300,101.7
1000045955,2,2017-05-22 07:25:00.200,101.7
1000045956,2,2017-05-22 07:30:00.200,101.7
1000045957,2,2017-05-22 07:35:00.100,101.7
1000045958,2,2017-05-22 07:40:00.200,101.7
1000045959,2,2017-05-22 07:45:00.200,101.7
1000045960,2,2017-05-22 07:50:00.100,101.7
1000045961,2,2017-05-22 07:55:00.200,101.7
1000045962,2,2017-05-22 08:00:00.000,101.7
1000045963,2,2017-05-22 08:05:00.000,101.7
1000045964,2,2017-05-22 08:10:00.000,101.7
1000045965,2,2017-05-22 08:15:00.000,101.7
1000045966,2,2017-05-22 08:20:00.200,101.7
1000045967,2,2017-05-22 08:25:00.000,101.7
1000045968,2,2017-05-22 08:30:00.300,101.7
1000045969,2,2017-05-22 08:35:00.000,101.7
1000045970,2,2017-05-22 08:40:00.300,101.7
1000045971,2,2017-05-22 08:45:00.200,101.7
1000045972,2,2017-05-22 08:50:00.100,101.7
1000045973,2,2017-05-22 08:55:00.200,101.7
1000045974,2,2017-05-22 09:00:00.200,101.7
1000045975,2,2017-05-22 09:05:00.200,101.7
1000045976,2,2017-05-22 09:10:00.200,101.7
1000045977,2,2017-05-22 09:15:00.100,101.7
1000045978,2,2017-05-22 09:20:00.200,101.7
1000045979,2,2017-05-22 09:25:00.300,101.7
1000045980,2,2017-05-22 09:30:00.000,101.7
1000045981,2,2017-05-22 09:35:00.200,101.7
1000045982,2,2017-05-22 09:40:00.000,101.7
1000045983,2,2017-05-22 09:45:00.200,101.7
1000045984,2,2017-05-22 09:50:00.300,101.7
1000045985,2,2017-05-22 09:55:00.300,101.7
1000045986,2,2017-05-22 10:00:00.300,101.7
1000045987,2,2017-05-22 10:05:00.200,101.7
1000045988,2,2017-05-22 10:10:00.200,101.7
1000045989,2,2017-05-22 10:15:00.200,101.7
1000045990,2,2017-05-22 10:20:00.100,101.7
1000045991,2,2017-05-22 10:25:00.000,101.7
1000045992,2,2017-05-22 10:30:00.200,101.7
1000045993,2,2017-05-22 10:35:00.100,101.7
1000045994,2,2017-05-22 10:40:00.000,101.7
1000045995,2,2017-05-22 10:45:00.100,101.7
1000045996,2,2017-05-22 10:50:00.000,101.7
1000045997,2,2017-05-22 10:55:00.000,101.7
1000045998,2,2017-05-22 11:00:00.200,101.7
1000045999,2,2017-05-22 11:05:00.000,101.7
1000046000,2,2017-05-22 11:10:00.200,101.7
1000046001,2,2017-05-22 11:15:00.300,101.7
1000046002,2,2017-05-22 11:20:00.300,101.7
1000046003,2,2017-05-22 11:25:00.200,101.7
1000046004,2,2017-05-22 11:30:00.100,101.7
1000046005,2,2017-05-22 11:35:00.000,101.7
1000046006,2,2017-05-22 11:40:00.200,101.7
1000046007,2,2017-05-22 11:45:00.300,101.7
1000046008,2,2017-05-22 11:50:00.100,101.7
1000046009,2,2017-05-22 11:55:00.000,101.7
1000046010,2,2017-05-22 12:00:00.300,101.7
1000046011,2,2017-05-22 12:05:00.300,101.7
1000046012,2,2017-05-22 12:10:00.100,101.7
1000046013,2,2017-05-22 12:15:00.300,101.7
1000046014,2,2017-05-22 12:20:00.100,101.7
1000046015,2,2017-05-22 12:25:00.200,101.7
1000046016,2,2017-05-22 12:30:00.200,101.7
1000046017,2,2017-05-22 12:35:00.200,101.7
1000046018,2,2017-05-22 12:40:00.100,101.7
1000046019,2,2017-05-22 12:45:00.300,101.7
1000046020,2,2017-05-22 12:50:00.100,101.7
1000046021,2,2017-05-22 12:55:00.000,101.7
1000046022,2,2017-05-22 13:00:00.300,101.7
1000046023,2,2017-05-22 13:05:00.200,101.7
1000046024,2,2017-05-22 13:10:00.200,101.7
1000046025,2,2017-05-22 13:15:00.200,101.7
1000046026,2,2017-05-22 13:20:00.300,101.7
1000046027,2,2017-05-22 13:25:00.200,101.7
1000046028,2,2017-05-22 13:30:00.000,101.7
1000046029,2,2017-05-22 13:35:00.100,101.7
1000046030,2,2017-05-22 13:40:00.100,101.7
1000046031,2,2017-05-22 13:45:00.100,101.7
1000046032,2,2017-05-22 13:50:00.200,101.7
1000046033,2,2017-05-22 13:55:00.100,101.7
1000046034,2,2017-05-22 14:00:00.300,101.7
1000046035,2,2017-05-22 14:05:00.200,101.7
1000046036,2,2017-05-22 14:10:00.100,101.7
1000046037,2,2017-05-22 14:15:00.100,101.7
1000046038,2,2017-05-22 14:20:00.100,101.7
1000046039,2,2017-05-22 14:25:00.000,101.7
1000046040,2,2017-05-22 14:30:00.000,101.7
1000046041,2,2017-05-22 14:35:00.100,101.7
1000046042,2,2017-05-22 14:40:00.300,101.7
1000046043,2,2017-05-22 14:45:00.200,101.7
1000046044,2,2017-05-22 14:50:00.200,101.7
1000046045,2,2017-05-22 14:55:00.200,101.7
1000046046,2,2017-05-22 15:00:00.000,101.7
1000046047,2,2017-05-22 15:05:00.300,101.7
1000046048,2,2017-05-22 15:10:00.000,101.7
1000046049,2,2017-05-22 15:15:00.200,101.7
1000046050,2,2017-05-22 15:20:00.200,101.7
1000046051,2,2017-05-22 15:25:00.000,101.7
1000046052,2,2017-05-22 15:30:00.100,101.7
1000046053,2,2017-05-22 15:35:00.100,101.7
1000046054,2,2017-05-22 15:40:00.300,101.7
1000046055,2,2017-05-22 15:45:00.200,101.7
1000046056,2,2017-05-22 15:50:00.300,101.7
1000046057,2,2017-05-22 15:55:00.200,101.7
1000046058,2,2017-05-22 16:00:00.200,101.7
1000046059,2,2017-05-22 16:05:00.000,101.7
1000046060,2,2017-05-22 16:10:00.300,101.7
1000046061,2,2017-05-22 16:15:00.100,101.7
1000046062,2,2017-05-22 16:20:00.300,101.7
1000046063,2,2017-05-22 16:25:00.300,101.7
1000046064,2,2017-05-22 16:30:00.200,101.7
1000046065,2,2017-05-22 16:35:00.200,101.7
1000046066,2,2017-05-22 16:40:00.300,101.7
1000046067,2,2017-05-22 16:45:00.300,101.7
1000046068,2,2017-05-22 16:50:00.100,101.7
1000046069,2,2017-05-22 16:55:00.100,101.7
1000046070,2,2017-05-22 17:00:00.300,101.7
1000046071,2,2017-05-22 17:05:00.200,101.7
1000046072,2,2017-05-22 17:10:00.200,101.7
1000046073,2,2017-05-22 17:15:00.200,101.7
1000046074,2,2017-05-22 17:20:00.200,101.7
1000046075,2,2017-05-22 17:25:00.100,101.7
1000046076,2,2017-05-22 17:30:00.300,101.7
1000046077,2,2017-05-22 17:35:00.000,101.7
1000046078,2,2017-05-22 17:40:00.200,101.7
1000046079,2,2017-05-22 17:45:00.300,101.7
1000046080,2,2017-05-22 17:50:00.100,101.7
1000046081,2,2017-05-22 17:55:00.000,101.7
1000046082,2,2017-05-22 18:00:00.200,101.7
1000046083,2,2017-05-22 18:05:00.200,101.7
1000046084,2,2017-05-22 18:10:00.200,101.7
1000046085,2,2017-05-22 18:15:00.100,101.7
1000046086,2,2017-05-22 18:20:00.100,101.7
1000046087,2,2017-05-22 18:25:00.100,101.7
1000046088,2,2017-05-22 18:30:00.200,101.7
1000046089,2,2017-05-22 18:35:00.200,101.7
1000046090,2,2017-05-22 18:40:00.100,101.7
1000046091,2,2017-05-22 18:45:00.300,101.7
1000046092,2,2017-05-22 18:50:00.100,101.7
1000046093,2,2017-05-22 18:55:00.200,101.7
1000046094,2,2017-05-22 19:00:00.200,101.7
1000046095,2,2017-05-22 19:05:00.100,101.7
1000046096,2,2017-05-22 19:10:00.000,101.7
1000046097,2,2017-05-22 19:15:00.000,101.7
1000046098,2,2017-05-22 19:20:00.300,101.7
1000046099,2,2017-05-22 19:25:00.000,101.7
1000046100,2,2017-05-22 19:30:00.200,101.7
1000046101,2,2017-05-22 19:35:00.300,101.7
1000046102,2,2017-05-22 19:40:00.200,101.7
1000046103,2,2017-05-22 19:45:00.100,101.7
1000046104,2,2017-05-22 19:50:00.000,101.7
1000046105,2,2017-05-22 19:55:00.200,101.7
1000046106,2,2017-05-22 20:00:00.200,101.7
1000046107,2,2017-05-22 20:05:00.100,101.7
1000046108,2,2017-05-22 20:10:00.300,101.7
1000046109,2,2017-05-22 20:15:00.200,101.7
1000046110,2,2017-05-22 20:20:00.200,101.7
1000046111,2,2017-05-22 20:25:00.100,101.7
1000046112,2,2017-05-22 20:30:00.300,101.7
1000046113,2,2017-05-22 20:35:00.300,101.7
1000046114,2,2017-05-22 20:40:00.100,101.7
1000046115,2,2017-05-22 20:45:00.300,101.7
1000046116,2,2017-05-22 20:50:00.200,101.7
1000046117,2,2017-05-22 20:55:00.200,101.7
1000046118,2,2017-05-22 21:00:00.300,101.7
1000046119,2,2017-05-22 21:05:00.000,101.7
1000046120,2,2017-05-22 21:10:00.000,101.7
1000046121,2,2017-05-22 21:15:00.100,101.7
1000046122,2,2017-05-22 21:20:00.200,101.7
1000046123,2,2017-05-22 21:25:00.300,101.7
1000046124,2,2017-05-22 21:30:00.200,101.7
1000046125,2,2017-05-22 21:35:00.300,101.7
1000046126,2,2017-05-22 21:40:00.100,101.7
1000046127,2,2017-05-22 21:45:00.100,101.7
1000046128,2,2017-05-22 21:50:00.000,101.7
1000046129,2,2017-05-22 21:55:00.000,101.7
1000046130,2,2017-05-22 22:00:00.200,101.7
1000046131,2,2017-05-22 22:05:00.200,101.7
1000046132,2,2017-05-22 22:10:00.100,101.7
1000046133,2,2017-05-22 22:15:00.000,101.7
1000046134,2,2017-05-22 22:20:00.000,101.7
1000046135,2,2017-05-22 22:25:00.200,101.7
1000046136,2,2017-05-22 22:30:00.200,101.7
1000046137,2,2017-05-22 22:35:00.200,101.7
1000046138,2,2017-05-22 22:40:00.100,101.7
1000046139,2,2017-05-22 22:45:00.200,101.7
1000046140,2,2017-05-22 22:50:00.200,101.7
1000046141,2,2017-05-22 22:55:00.200,101.7
1000046142,2,2017-05-22 23:00:00.100,101.7
1000046143,2,2017-05-22 23:05:00.100,101.7
1000046144,2,2017-05-22 23:10:00.100,101.7
1000046145,2,2017-05-22 23:15:00.200,101.7
1000046146,2,2017-05-22 23:20:00.200,101.7
1000046147,2,2017-05-22 23:25:00.300,101.7
1000046148,2,2017-05-22 23:30:00.200,101.7
1000046149,2,2017-05-22 23:35:00.100,101.7
1000046150,2,2017-05-22 23:40:00.200,101.7
1000046151,2,2017-05-22 23:45:00.200,101.7
1000046152,2,2017-05-22 23:50:00.000,101.7
1000046153,2,2017-05-22 23:55:00.100,101.7
1000046154,2,2017-05-23 00:00:00.300,101.7
1000046155,2,2017-05-23 00:05:00.100,101.7
1000046156,2,2017-05-23 00:10:00.000,101.7
1000046157,2,2017-05-23 00:15:00.000,101.7
1000046158,2,2017-05-23 00:20:00.200,101.7
1000046159,2,2017-05-23 00:25:00.400,101.7
1000046160,2,2017-05-23 00:30:00.100,101.7
1000046161,2,2017-05-23 00:35:00.100,101.7
1000046162,2,2017-05-23 00:40:00.100,101.7
1000046163,2,2017-05-23 00:45:00.200,101.7
1000046164,2,2017-05-23 00:50:00.300,101.7
1000046165,2,2017-05-23 00:55:00.200,101.7
1000046166,2,2017-05-23 01:00:00.000,101.7
1000046167,2,2017-05-23 01:05:00.100,101.7
1000046168,2,2017-05-23 01:10:00.200,101.7
1000046169,2,2017-05-23 01:15:00.300,101.7
1000046170,2,2017-05-23 01:20:00.300,101.7
1000046171,2,2017-05-23 01:25:00.200,101.7
1000046172,2,2017-05-23 01:30:00.200,101.7
1000046173,2,2017-05-23 01:35:00.200,101.7
1000046174,2,2017-05-23 01:40:00.100,101.7
1000046175,2,2017-05-23 01:45:00.200,101.7
1000046176,2,2017-05-23 01:50:00.000,101.7
1000046177,2,2017-05-23 01:55:00.100,101.7
1000046178,2,2017-05-23 02:00:00.000,101.7
1000046179,2,2017-05-23 02:05:00.300,101.7
1000046180,2,2017-05-23 02:10:00.200,101.7
1000046181,2,2017-05-23 02:15:00.200,101.7
1000046182,2,2017-05-23 02:20:00.100,101.7
1000046183,2,2017-05-23 02:25:00.100,101.7
1000046184,2,2017-05-23 02:30:00.100,101.7
1000046185,2,2017-05-23 02:35:00.000,101.7
1000046186,2,2017-05-23 02:40:00.200,101.7
1000046187,2,2017-05-23 02:45:00.000,101.7
1000046188,2,2017-05-23 02:50:00.100,101.7
1000046189,2,2017-05-23 02:55:00.000,101.7
1000046190,2,2017-05-23 03:00:00.100,101.7
1000046191,2,2017-05-23 03:05:00.100,101.7
1000046192,2,2017-05-23 03:10:00.300,101.7
1000046193,2,2017-05-23 03:15:00.100,101.7
1000046194,2,2017-05-23 03:20:00.000,101.7
1000046195,2,2017-05-23 03:25:00.000,101.7
1000046196,2,2017-05-23 03:30:00.200,101.7
1000046197,2,2017-05-23 03:35:00.200,101.7
1000046198,2,2017-05-23 03:40:00.300,101.7
1000046199,2,2017-05-23 03:45:00.100,101.7
1000046200,2,2017-05-23 03:50:00.100,101.7
1000046201,2,2017-05-23 03:55:00.000,101.7
1000046202,2,2017-05-23 04:00:00.100,101.7
1000046203,2,2017-05-23 04:05:00.100,101.7
1000046204,2,2017-05-23 04:10:00.100,101.7
1000046205,2,2017-05-23 04:15:00.100,101.7
1000046206,2,2017-05-23 04:20:00.100,101.7
1000046207,2,2017-05-23 04:25:00.100,101.7
1000046208,2,2017-05-23 04:30:00.000,101.7
1000046209,2,2017-05-23 04:35:00.200,101.7
1000046210,2,2017-05-23 04:40:00.200,101.7
1000046211,2,2017-05-23 04:45:00.200,101.7
1000046212,2,2017-05-23 04:50:00.300,101.7
1000046213,2,2017-05-23 04:55:00.200,101.7
1000046214,2,2017-05-23 05:00:00.100,101.7
1000046215,2,2017-05-23 05:05:00.300,101.7
1000046216,2,2017-05-23 05:10:00.200,101.7
1000046217,2,2017-05-23 05:15:00.200,101.7
1000046218,2,2017-05-23 05:20:00.200,101.7
1000046219,2,2017-05-23 05:25:00.100,101.7
1000046220,2,2017-05-23 05:30:00.100,101.7
1000046221,2,2017-05-23 05:35:00.300,101.7
1000046222,2,2017-05-23 05:40:00.000,101.7
1000046223,2,2017-05-23 05:45:00.100,101.7
1000046224,2,2017-05-23 05:50:00.300,101.7
1000046225,2,2017-05-23 05:55:00.100,101.7
1000046226,2,2017-05-23 06:00:00.100,101.7
1000046227,2,2017-05-23 06:05:00.200,101.7
1000046228,2,2017-05-23 06:10:00.000,101.7
1000046229,2,2017-05-23 06:15:00.000,101.7
1000046230,2,2017-05-23 06:20:00.200,101.7
1000046231,2,2017-05-23 06:25:00.100,101.7
1000046232,2,2017-05-23 06:30:00.200,101.7
1000046233,2,2017-05-23 06:35:00.100,101.7
1000046234,2,2017-05-23 06:40:00.200,101.7
1000046235,2,2017-05-23 06:45:00.100,101.7
1000046236,2,2017-05-23 06:50:00.200,101.7
1000046237,2,2017-05-23 06:55:00.100,101.7
1000046238,2,2017-05-23 07:00:00.300,101.7
1000046239,2,2017-05-23 07:05:00.400,101.7
1000046240,2,2017-05-23 07:10:00.100,101.7
1000046241,2,2017-05-23 07:15:00.100,101.7
1000046242,2,2017-05-23 07:20:00.200,101.7
1000046243,2,2017-05-23 07:25:00.100,101.7
1000046244,2,2017-05-23 07:30:00.200,101.7
1000046245,2,2017-05-23 07:35:00.200,101.7
1000046246,2,2017-05-23 07:40:00.100,101.7
1000046247,2,2017-05-23 07:45:00.200,101.7
1000046248,2,2017-05-23 07:50:00.200,101.7
1000046249,2,2017-05-23 07:55:00.000,101.7
1000046250,2,2017-05-23 08:00:00.100,101.7
1000046251,2,2017-05-23 08:05:00.200,101.7
1000046252,2,2017-05-23 08:10:00.100,101.7
1000046253,2,2017-05-23 08:15:00.100,101.7
1000046254,2,2017-05-23 08:20:00.300,101.7
1000046255,2,2017-05-23 08:25:00.200,101.7
1000046256,2,2017-05-23 08:30:00.200,101.7
1000046257,2,2017-05-23 08:35:00.200,101.7
1000046258,2,2017-05-23 08:40:00.300,101.7
1000046259,2,2017-05-23 08:45:00.100,101.7
1000046260,2,2017-05-23 08:50:00.300,101.7
1000046261,2,2017-05-23 08:55:00.100,101.7
1000046262,2,2017-05-23 09:00:00.200,101.7
1000046263,2,2017-05-23 09:05:00.200,101.7
1000046264,2,2017-05-23 09:10:00.000,101.7
1000046265,2,2017-05-23 09:15:00.000,101.7
1000046266,2,2017-05-23 09:20:00.000,101.7
1000046267,2,2017-05-23 09:25:00.000,101.7
1000046268,2,2017-05-23 09:30:00.100,101.7
1000046269,2,2017-05-23 09:35:00.200,101.7
1000046270,2,2017-05-23 09:40:00.300,101.7
1000046271,2,2017-05-23 09:45:00.100,101.7
1000046272,2,2017-05-23 09:50:00.200,101.7
1000046273,2,2017-05-23 09:55:00.200,101.7
1000046274,2,2017-05-23 10:00:00.100,101.7
1000046275,2,2017-05-23 10:05:00.200,101.7
1000046276,2,2017-05-23 10:10:00.300,101.7
1000046277,2,2017-05-23 10:15:00.100,101.7
1000046278,2,2017-05-23 10:20:00.100,101.7
1000046279,2,2017-05-23 10:25:00.200,101.7
1000046280,2,2017-05-23 10:30:00.200,101.7
1000046281,2,2017-05-23 10:35:00.000,101.7
1000046282,2,2017-05-23 10:40:00.100,101.7
1000046283,2,2017-05-23 10:45:00.200,101.7
1000046284,2,2017-05-23 10:50:00.300,101.7
1000046285,2,2017-05-23 10:55:00.100,101.7
1000046286,2,2017-05-23 11:00:00.200,101.7
1000046287,2,2017-05-23 11:05:00.200,101.7
1000046288,2,2017-05-23 11:10:00.100,101.7
1000046289,2,2017-05-23 11:15:00.100,101.7
1000046290,2,2017-05-23 11:20:00.000,101.7
1000046291,2,2017-05-23 11:25:00.100,101.7
1000046292,2,2017-05-23 11:30:00.000,101.7
1000046293,2,2017-05-23 11:35:00.000,101.7
1000046294,2,2017-05-23 11:40:00.200,101.7
1000046295,2,2017-05-23 11:45:00.100,101.7
1000046296,2,2017-05-23 11:50:00.300,101.7
1000046297,2,2017-05-23 11:55:00.200,101.7
1000046298,2,2017-05-23 12:00:00.200,101.7
1000046299,2,2017-05-23 12:05:00.100,101.7
1000046300,2,2017-05-23 12:10:00.200,101.7
1000046301,2,2017-05-23 12:15:00.100,101.7
1000046302,2,2017-05-23 12:20:00.300,101.7
1000046303,2,2017-05-23 12:25:00.100,101.7
1000046304,2,2017-05-23 12:30:00.300,101.7
1000046305,2,2017-05-23 12:35:00.200,101.7
1000046306,2,2017-05-23 12:40:00.100,101.7
1000046307,2,2017-05-23 12:45:00.200,101.7
1000046308,2,2017-05-23 12:50:00.100,101.7
1000046309,2,2017-05-23 12:55:00.100,101.7
1000046310,2,2017-05-23 13:00:00.100,101.7
1000046311,2,2017-05-23 13:05:00.100,101.7
1000046312,2,2017-05-23 13:10:00.100,101.7
1000046313,2,2017-05-23 13:15:00.000,101.7
1000046314,2,2017-05-23 13:20:00.000,101.7
1000046315,2,2017-05-23 13:25:00.100,101.7
1000046316,2,2017-05-23 13:30:00.100,101.7
1000046317,2,2017-05-23 13:35:00.100,101.7
1000046318,2,2017-05-23 13:40:00.100,101.7
1000046319,2,2017-05-23 13:45:00.300,101.7
1000046320,2,2017-05-23 13:50:00.100,101.7
1000046321,2,2017-05-23 13:55:00.000,101.7
1000046322,2,2017-05-23 14:00:00.100,101.7
1000046323,2,2017-05-23 14:05:00.000,101.7
1000046324,2,2017-05-23 14:10:00.000,101.7
1000046325,2,2017-05-23 14:15:00.200,101.7
1000046326,2,2017-05-23 14:20:00.300,101.7
1000046327,2,2017-05-23 14:25:00.200,101.7
1000046328,2,2017-05-23 14:30:00.100,101.7
1000046329,2,2017-05-23 14:35:00.200,101.7
1000046330,2,2017-05-23 14:40:00.300,101.7
1000046331,2,2017-05-23 14:45:00.300,101.7
1000046332,2,2017-05-23 14:50:00.100,101.7
1000046333,2,2017-05-23 14:55:00.100,101.7
1000046334,2,2017-05-23 15:00:00.200,101.7
1000046335,2,2017-05-23 15:05:00.200,101.7
1000046336,2,2017-05-23 15:10:00.100,101.7
1000046337,2,2017-05-23 15:15:00.300,101.7
1000046338,2,2017-05-23 15:20:00.100,101.7
1000046339,2,2017-05-23 15:25:00.300,101.7
1000046340,2,2017-05-23 15:30:00.000,101.7
1000046341,2,2017-05-23 15:35:00.000,101.7
1000046342,2,2017-05-23 15:40:00.200,101.7
1000046343,2,2017-05-23 15:45:00.100,101.7
1000046344,2,2017-05-23 15:50:00.200,101.7
1000046345,2,2017-05-23 15:55:00.200,101.7
1000046346,2,2017-05-23 16:00:00.200,101.7
1000046347,2,2017-05-23 16:05:00.000,101.7
1000046348,2,2017-05-23 16:10:00.100,101.7
1000046349,2,2017-05-23 16:15:00.300,101.7
1000046350,2,2017-05-23 16:20:00.100,101.7
1000046351,2,2017-05-23 16:25:00.200,101.7
1000046352,2,2017-05-23 16:30:00.500,101.7
1000046353,2,2017-05-23 16:35:00.100,101.7
1000046354,2,2017-05-23 16:40:00.300,101.7
1000046355,2,2017-05-23 16:45:00.000,101.7
1000046356,2,2017-05-23 16:50:00.300,101.7
1000046357,2,2017-05-23 16:55:00.200,101.7
1000046358,2,2017-05-23 17:00:00.300,101.7
1000046359,2,2017-05-23 17:05:00.300,101.7
1000046360,2,2017-05-23 17:10:00.200,101.7
1000046361,2,2017-05-23 17:15:00.200,101.7
1000046362,2,2017-05-23 17:20:00.000,101.7
1000046363,2,2017-05-23 17:25:00.300,101.7
1000046364,2,2017-05-23 17:30:00.100,101.7
1000046365,2,2017-05-23 17:35:00.200,101.7
1000046366,2,2017-05-23 17:40:00.200,101.7
1000046367,2,2017-05-23 17:45:00.100,101.7
1000046368,2,2017-05-23 17:50:00.100,101.7
1000046369,2,2017-05-23 17:55:00.200,101.7
1000046370,2,2017-05-23 18:00:00.400,101.7
1000046371,2,2017-05-23 18:05:00.000,101.7
1000046372,2,2017-05-23 18:10:00.300,101.7
1000046373,2,2017-05-23 18:15:00.200,101.7
1000046374,2,2017-05-23 18:20:00.200,101.7
1000046375,2,2017-05-23 18:25:00.200,101.7
1000046376,2,2017-05-23 18:30:00.000,101.7
1000046377,2,2017-05-23 18:35:00.200,101.7
1000046378,2,2017-05-23 18:40:00.000,101.7
1000046379,2,2017-05-23 18:45:00.100,101.7
1000046380,2,2017-05-23 18:50:00.000,101.7
1000046381,2,2017-05-23 18:55:00.200,101.7
1000046382,2,2017-05-23 19:00:00.100,101.7
1000046383,2,2017-05-23 19:05:00.100,101.7
1000046384,2,2017-05-23 19:10:00.200,101.7
1000046385,2,2017-05-23 19:15:00.000,101.7
1000046386,2,2017-05-23 19:20:00.200,101.7
1000046387,2,2017-05-23 19:25:00.100,101.7
1000046388,2,2017-05-23 19:30:00.000,101.7
1000046389,2,2017-05-23 19:35:00.200,101.7
1000046390,2,2017-05-23 19:40:00.200,101.7
1000046391,2,2017-05-23 19:45:00.100,101.7
1000046392,2,2017-05-23 19:50:00.200,101.7
1000046393,2,2017-05-23 19:55:00.100,101.7
1000046394,2,2017-05-23 20:00:00.200,101.7
1000046395,2,2017-05-23 20:05:00.000,101.7
1000046396,2,2017-05-23 20:10:00.000,101.7
1000046397,2,2017-05-23 20:15:00.100,101.7
1000046398,2,2017-05-23 20:20:00.000,101.7
1000046399,2,2017-05-23 20:25:00.100,101.7
1000046400,2,2017-05-23 20:30:00.100,101.7
1000046401,2,2017-05-23 20:35:00.200,101.7
1000046402,2,2017-05-23 20:40:00.300,101.7
1000046403,2,2017-05-23 20:45:00.100,101.7
1000046404,2,2017-05-23 20:50:00.100,101.7
1000046405,2,2017-05-23 20:55:00.300,101.7
1000046406,2,2017-05-23 21:00:00.000,101.7
1000046407,2,2017-05-23 21:05:00.100,101.7
1000046408,2,2017-05-23 21:10:00.200,101.7
1000046409,2,2017-05-23 21:15:00.200,101.7
1000046410,2,2017-05-23 21:20:00.000,101.7
1000046411,2,2017-05-23 21:25:00.300,101.7
1000046412,2,2017-05-23 21:30:00.100,101.7
1000046413,2,2017-05-23 21:35:00.200,101.7
1000046414,2,2017-05-23 21:40:00.100,101.7
1000046415,2,2017-05-23 21:45:00.200,101.7
1000046416,2,2017-05-23 21:50:00.300,101.7
1000046417,2,2017-05-23 21:55:00.200,101.7
1000046418,2,2017-05-23 22:00:00.100,101.7
1000046419,2,2017-05-23 22:05:00.200,101.7
1000046420,2,2017-05-23 22:10:00.100,101.7
1000046421,2,2017-05-23 22:15:00.100,101.7
1000046422,2,2017-05-23 22:20:00.300,101.7
1000046423,2,2017-05-23 22:25:00.100,101.7
1000046424,2,2017-05-23 22:30:00.000,101.7
1000046425,2,2017-05-23 22:35:00.200,101.7
1000046426,2,2017-05-23 22:40:00.100,101.7
1000046427,2,2017-05-23 22:45:00.200,101.7
1000046428,2,2017-05-23 22:50:00.200,101.7
1000046429,2,2017-05-23 22:55:00.200,101.7
1000046430,2,2017-05-23 23:00:00.000,101.7
1000046431,2,2017-05-23 23:05:00.100,101.7
1000046432,2,2017-05-23 23:10:00.000,101.7
1000046433,2,2017-05-23 23:15:00.300,101.7
1000046434,2,2017-05-23 23:20:00.100,101.7
1000046435,2,2017-05-23 23:25:00.200,101.7
1000046436,2,2017-05-23 23:30:00.100,101.7
1000046437,2,2017-05-23 23:35:00.200,101.7
1000046438,2,2017-05-23 23:40:00.300,101.7
1000046439,2,2017-05-23 23:45:00.100,101.7
1000046440,2,2017-05-23 23:50:00.000,101.7
1000046441,2,2017-05-23 23:55:00.100,101.7
1000046442,2,2017-05-24 00:00:00.200,101.7
1000046443,2,2017-05-24 00:05:00.100,101.7
1000046444,2,2017-05-24 00:10:00.000,101.7
1000046445,2,2017-05-24 00:15:00.200,101.7
1000046446,2,2017-05-24 00:20:00.200,101.7
1000046447,2,2017-05-24 00:25:00.200,101.7
1000046448,2,2017-05-24 00:30:00.200,101.7
1000046449,2,2017-05-24 00:35:00.300,101.7
1000046450,2,2017-05-24 00:40:00.200,101.7
1000046451,2,2017-05-24 00:45:00.100,101.7
1000046452,2,2017-05-24 00:50:00.100,101.7
1000046453,2,2017-05-24 00:55:00.000,101.7
1000046454,2,2017-05-24 01:00:00.300,101.7
1000046455,2,2017-05-24 01:05:00.200,101.7
1000046456,2,2017-05-24 01:10:00.200,101.7
1000046457,2,2017-05-24 01:15:00.100,101.7
1000046458,2,2017-05-24 01:20:00.000,101.7
1000046459,2,2017-05-24 01:25:00.300,101.7
1000046460,2,2017-05-24 01:30:00.000,101.7
1000046461,2,2017-05-24 01:35:00.100,101.7
1000046462,2,2017-05-24 01:40:00.200,101.7
1000046463,2,2017-05-24 01:45:00.100,101.7
1000046464,2,2017-05-24 01:50:00.000,101.7
1000046465,2,2017-05-24 01:55:00.200,101.7
1000046466,2,2017-05-24 02:00:00.100,101.7
1000046467,2,2017-05-24 02:05:00.100,101.7
1000046468,2,2017-05-24 02:10:00.200,101.7
1000046469,2,2017-05-24 02:15:00.200,101.7
1000046470,2,2017-05-24 02:20:00.100,101.7
1000046471,2,2017-05-24 02:25:00.100,101.7
1000046472,2,2017-05-24 02:30:00.100,101.7
1000046473,2,2017-05-24 02:35:00.100,101.7
1000046474,2,2017-05-24 02:40:00.100,101.7
1000046475,2,2017-05-24 02:45:00.100,101.7
1000046476,2,2017-05-24 02:50:00.000,101.7
1000046477,2,2017-05-24 02:55:00.000,101.7
1000046478,2,2017-05-24 03:00:00.000,101.7
1000046479,2,2017-05-24 03:05:00.000,101.7
1000046480,2,2017-05-24 03:10:00.100,101.7
1000046481,2,2017-05-24 03:15:00.200,101.7
1000046482,2,2017-05-24 03:20:00.300,101.7
1000046483,2,2017-05-24 03:25:00.200,101.7
1000046484,2,2017-05-24 03:30:00.200,101.7
1000046485,2,2017-05-24 03:35:00.300,101.7
1000046486,2,2017-05-24 03:40:00.300,101.7
1000046487,2,2017-05-24 03:45:00.200,101.7
1000046488,2,2017-05-24 03:50:00.200,101.7
1000046489,2,2017-05-24 03:55:00.100,101.7
1000046490,2,2017-05-24 04:00:00.200,101.7
1000046491,2,2017-05-24 04:05:00.100,101.7
1000046492,2,2017-05-24 04:10:00.100,101.7
1000046493,2,2017-05-24 04:15:00.100,101.7
1000046494,2,2017-05-24 04:20:00.200,101.7
1000046495,2,2017-05-24 04:25:00.200,101.7
1000046496,2,2017-05-24 04:30:00.200,101.7
1000046497,2,2017-05-24 04:35:00.400,101.7
1000046498,2,2017-05-24 04:40:00.300,101.7
1000046499,2,2017-05-24 04:45:00.100,101.7
1000046500,2,2017-05-24 04:50:00.200,101.7
1000046501,2,2017-05-24 04:55:00.200,101.7
1000046502,2,2017-05-24 05:00:00.100,101.7
1000046503,2,2017-05-24 05:05:00.000,101.7
1000046504,2,2017-05-24 05:10:00.200,101.7
1000046505,2,2017-05-24 05:15:00.100,101.7
1000046506,2,2017-05-24 05:20:00.200,101.7
1000046507,2,2017-05-24 05:25:00.300,101.7
1000046508,2,2017-05-24 05:30:00.300,101.7
1000046509,2,2017-05-24 05:35:00.300,101.7
1000046510,2,2017-05-24 05:40:00.300,101.7
1000046511,2,2017-05-24 05:45:00.200,101.7
1000046512,2,2017-05-24 05:50:00.100,101.7
1000046513,2,2017-05-24 05:55:00.200,101.7
1000046514,2,2017-05-24 06:00:00.100,101.7
1000046515,2,2017-05-24 06:05:00.100,101.7
1000046516,2,2017-05-24 06:10:00.200,101.7
1000046517,2,2017-05-24 06:15:00.300,101.7
1000046518,2,2017-05-24 06:20:00.300,101.7
1000046519,2,2017-05-24 06:25:00.300,101.7
1000046520,2,2017-05-24 06:30:00.100,101.7
1000046521,2,2017-05-24 06:35:00.200,101.7
1000046522,2,2017-05-24 06:40:00.300,101.7
1000046523,2,2017-05-24 06:45:00.000,101.7
1000046524,2,2017-05-24 06:50:00.100,101.7
1000046525,2,2017-05-24 06:55:00.200,101.7
1000046526,2,2017-05-24 07:00:00.000,101.7
1000046527,2,2017-05-24 07:05:00.100,101.7
1000046528,2,2017-05-24 07:10:00.100,101.7
1000046529,2,2017-05-24 07:15:00.100,101.7
1000046530,2,2017-05-24 07:20:00.000,101.7
1000046531,2,2017-05-24 07:25:00.200,101.7
1000046532,2,2017-05-24 07:30:00.200,101.7
1000046533,2,2017-05-24 07:35:00.000,101.7
1000046534,2,2017-05-24 07:40:00.300,101.7
1000046535,2,2017-05-24 07:45:00.100,101.7
1000046536,2,2017-05-24 07:50:00.300,101.7
1000046537,2,2017-05-24 07:55:00.000,101.7
1000046538,2,2017-05-24 08:00:00.300,101.7
1000046539,2,2017-05-24 08:05:00.200,101.7
1000046540,2,2017-05-24 08:10:00.400,101.7
1000046541,2,2017-05-24 08:15:00.200,101.7
1000046542,2,2017-05-24 08:20:00.200,101.7
1000046543,2,2017-05-24 08:25:00.200,101.7
1000046544,2,2017-05-24 08:30:00.100,101.7
1000046545,2,2017-05-24 08:35:00.300,101.7
1000046546,2,2017-05-24 08:40:00.100,101.7
1000046547,2,2017-05-24 08:45:00.200,101.7
1000046548,2,2017-05-24 08:50:00.300,101.7
1000046549,2,2017-05-24 08:55:00.200,101.7
1000046550,2,2017-05-24 09:00:00.000,101.7
1000046551,2,2017-05-24 09:05:00.200,101.7
1000046552,2,2017-05-24 09:10:00.200,101.7
1000046553,2,2017-05-24 09:15:00.000,101.7
1000046554,2,2017-05-24 09:20:00.100,101.7
1000046555,2,2017-05-24 09:25:00.000,101.7
1000046556,2,2017-05-24 09:30:00.400,101.7
1000046557,2,2017-05-24 09:35:00.200,101.7
1000046558,2,2017-05-24 09:40:00.100,101.7
1000046559,2,2017-05-24 09:45:00.200,101.7
1000046560,2,2017-05-24 09:50:00.300,101.7
1000046561,2,2017-05-24 09:55:00.100,101.7
1000046562,2,2017-05-24 10:00:00.100,101.7
1000046563,2,2017-05-24 10:05:00.100,101.7
1000046564,2,2017-05-24 10:10:00.200,101.7
1000046565,2,2017-05-24 10:15:00.100,101.7
1000046566,2,2017-05-24 10:20:00.100,101.7
1000046567,2,2017-05-24 10:25:00.400,101.7

